,id,BurnDate,BurnYear,fireRisk,x,y,risk,date,clusters,start_date,end_date,duration,img_id,areakm2_BA,nbr_p25_variance_p25,nbr_p25_variance_p5,nbr_p25_variance_p50,nbr_p25_variance_p75,nbr_p25_variance_p95,nbr_p25_variance_p99,nbr_p50_variance_p25,nbr_p50_variance_p5,nbr_p50_variance_p50,nbr_p50_variance_p75,nbr_p50_variance_p95,nbr_p50_variance_p99,nbr_p5_variance_p25,nbr_p5_variance_p5,nbr_p5_variance_p50,nbr_p5_variance_p75,nbr_p5_variance_p95,nbr_p5_variance_p99,nbr_p75_variance_p25,nbr_p75_variance_p5,nbr_p75_variance_p50,nbr_p75_variance_p75,nbr_p75_variance_p95,nbr_p75_variance_p99,nbr_p95_variance_p25,nbr_p95_variance_p5,nbr_p95_variance_p50,nbr_p95_variance_p75,nbr_p95_variance_p95,nbr_p95_variance_p99,nbr_p99_variance_p25,nbr_p99_variance_p5,nbr_p99_variance_p50,nbr_p99_variance_p75,nbr_p99_variance_p95,nbr_p99_variance_p99
337737.0,337737.0,228,2019,7692.0,24.972042083740234,-33.753074645996094,Extreme,2019-08-16,1,2019-08-16,2019-08-23,8,LC08_171083_20190817,26.618397804687646,0.0028461022778451532,0.0010027237288924567,0.010725482293940002,0.02635200596368615,0.0556476183812894,0.09666731510050602,0.0009999069194848097,0.0009999069194848097,0.0028327094131753543,0.008743270252929586,0.0341715643812197,0.08688854038417357,0.002844889476129976,0.0010037376587058958,0.01072554769026852,0.026355259302706175,0.05565172366894467,0.09471682216991188,0.000943653556853736,0.000943653556853736,0.002772801868882879,0.006764590328054159,0.0673958465170771,0.12401136237548917,0.0009459700250763688,0.0009459700250763688,0.0027735443752059078,0.0067641028938772935,0.06739706543549402,0.12401384921381689,0.0009459709543536208,0.0009459709543536208,0.002773549878799584,0.006764104172867972,0.06739706543549402,0.12401384921381689
190894.0,190894.0,223,2019,7805.0,24.29830551147461,-33.97540664672852,High,2019-08-11,3,2019-08-07,2019-08-11,5,LC08_172083_20190808,0.26321958537071083,0.013652705234365518,0.0016507359527975223,0.037079121801161664,0.11914659421456464,0.28318611726384346,0.4355473338786615,0.005707333528539977,0.0017185755805802642,0.02137527746027831,0.13084979709024275,0.2636551433686925,0.43161555044434335,0.013659226456560597,0.0016569069994071357,0.04097563289691758,0.1191473275033363,0.28707621443522474,0.439429221108984,0.0011993552121928766,0.0011993552121928766,0.01751317262369263,0.17382694640672797,0.2909965118324326,0.4433682178155291,0.0012168630712927724,0.0012168630712927724,0.017514565758942204,0.17772977419576766,0.290998759367124,0.4433619015190642,0.0012168545957365873,0.0012168545957365873,0.017514559338658465,0.17772978468983314,0.2909989158164012,0.4433619015190642
443661.0,443661.0,238,2019,7692.0,26.57553482055664,-33.25226211547852,Extreme,2019-08-26,9,2019-08-18,2019-08-28,11,LC08_170083_20190826,22.815063981188658,0.004830471735800758,0.0012095463536738803,0.012667532834777818,0.038075332376904386,0.15330419232958925,0.2392462696057514,0.0029033722655412227,0.0011806147429454807,0.0048170901215309645,0.020484502136122778,0.12792123178105488,0.19826165892055347,0.004829652122935348,0.0012094713016043831,0.01266658855644822,0.03807854034139599,0.1533055634890796,0.23924680588457517,0.001587565948688405,0.001587565948688405,0.0055466593948003415,0.025294604118427003,0.14646581068539377,0.1933140336136164,0.0015869769525664083,0.0015869769525664083,0.005552009505225281,0.02922159515123003,0.1464721267219027,0.18940846307906672,0.0015869921307383704,0.0015869921307383704,0.005552026912576413,0.02922157459626473,0.14647209576975911,0.18940839963895767
733266.0,733266.0,223,2019,7692.0,26.80685043334961,-32.69755172729492,Extreme,2019-08-11,10,2019-08-09,2019-08-16,8,LC08_170083_20190810,8.98123137109375,0.00576343044792675,0.0020745003954400947,0.013545724269636003,0.03705189320762608,0.12300769246862606,0.1933535405091309,0.001735898378065357,0.001735898378065357,0.005680430866872619,0.025306938281907127,0.11129156464462706,0.1581437445573575,0.005767009641687533,0.002087339582602469,0.01354465351139891,0.03705272681653283,0.12301256180460846,0.1933525657926851,0.0016642693579091933,0.0016642693579091933,0.005699984089033349,0.025283721843012946,0.14647473004379868,0.201126185187797,0.001673953463636719,0.001673953463636719,0.005699246270582306,0.0252810811653808,0.15036681423349893,0.21286399481170865,0.0016739583177518684,0.0016739583177518684,0.005699234147393825,0.025281076124631516,0.15036645770280355,0.21286399481170865
362608.0,362608.0,221,2019,7692.0,26.70578956604004,-32.48869323730469,Extreme,2019-08-09,12,2019-08-07,2019-08-16,10,LC08_170082_20190810,52.44497549999996,0.0015584116065522464,0.0015584116065522464,0.009643818492054082,0.025337895689390537,0.10349888111405989,0.1738320039345355,0.0012933423120468177,0.0012933423120468177,0.00566035978026959,0.02144232008930323,0.09568445734166267,0.14644492780709428,0.0015636257713625946,0.0015636257713625946,0.009644366275365409,0.02534118362541061,0.10350260141451156,0.1738319519840344,0.001305418598277745,0.001305418598277745,0.005672889548264495,0.02143112716892685,0.12302845022274159,0.1854819911052185,0.0013122967695308981,0.0013122967695308981,0.005672017770535934,0.021431993738082678,0.12693550268996864,0.19331277506829386,0.001312310350156276,0.001312310350156276,0.00567201073922528,0.021432003973327746,0.1269355850513198,0.1933130005753061
725096.0,725096.0,235,2019,7692.0,27.390756607055664,-32.66162109375,Extreme,2019-08-23,15,2019-08-02,2019-08-29,28,LC08_169083_20190803,0.3559596778186275,0.002910618952084728,0.0009769248465924978,0.012660059390903174,0.09478389210519464,0.2628238035564627,0.34268630517772897,0.0029068594023691392,0.0007996123474493035,0.008715262179069733,0.0986784580103927,0.2528082151103361,0.319369744034292,0.0029042874034151877,0.0009902290514599678,0.012666505120098898,0.09669151499745682,0.2628435995944674,0.34268630517772897,0.0028909549230985536,0.0007818561608235954,0.010671052800138945,0.1279683597086514,0.28041763387636476,0.33684151165925846,0.0028951650291029894,0.0007888431246565571,0.010666241919956665,0.13181894171471262,0.2803566162019619,0.3369344333197929,0.002895173136921751,0.0007888429554471161,0.010666241919956665,0.13181894171471262,0.2803566162019619,0.3369344333197929
73998.0,73998.0,241,2019,7692.0,27.53897857666016,-32.70204544067383,Extreme,2019-08-29,19,2019-08-25,2019-08-29,5,LC08_170082_20190826,40.11645425268063,0.0028616731693122573,0.0008520560089163827,0.00875073153917724,0.026352856692373423,0.1083856124650603,0.22558816550025296,0.0007627368618802918,0.0007627368618802918,0.0028733660720887586,0.008727754441865482,0.09471081738065056,0.18457789876654188,0.0028626817728938485,0.0008533842730423898,0.008750903207096768,0.026354057767535504,0.10838757563286638,0.22558811133965695,0.001070242333460235,0.001070242333460235,0.001070242333460235,0.0055275687592908716,0.12304369202685884,0.1816316406637584,0.001072911553088739,0.001072911553088739,0.001072911553088739,0.005532735283380927,0.12303572642465081,0.17769822877366576,0.0010729208714273192,0.0010729208714273192,0.0010729208714273192,0.005532749398395226,0.1230356353493084,0.17769819623196087
571251.0,571251.0,214,2019,7692.0,28.47322654724121,-32.34272003173828,Extreme,2019-08-02,20,2019-08-02,2019-08-05,4,LC08_169082_20190803,67.99180120830269,0.002029402035672064,0.002029402035672064,0.009498655501326343,0.06051844295680304,0.22068938247509548,0.33005909805084027,0.0028418128827548874,0.0011831200489594788,0.010697229243625803,0.06933560205833118,0.19628207687337798,0.29199378551224237,0.002030791827873902,0.002030791827873902,0.009504045039299473,0.0605221269883926,0.22068931267268793,0.3300599158432613,0.0020903588871141496,0.0020903588871141496,0.013521864339002909,0.08398396064548522,0.24023211063537647,0.3144376310396085,0.002094875396270449,0.002094875396270449,0.013522406859986166,0.0839841900006312,0.24413416277506794,0.3183479903284246,0.002094881710638389,0.002094881710638389,0.01352243230997391,0.0839842100504188,0.24413418255413882,0.31834813703045545
125357.0,125357.0,233,2019,2903.0,25.495309829711918,-32.311279296875,Medium,2019-08-21,23,2019-08-16,2019-08-26,11,LC08_171082_20190817,8.85027185156251,0.0008494914658869514,0.0008494914658869514,0.002814436183134405,0.012672853128897555,0.03415268052021558,0.0556306310362252,0.0007107240191403672,0.0007107240191403672,0.0007107240191403672,0.002786634704206988,0.014605935924710798,0.03220179045436402,0.0008520594707109063,0.0008520594707109063,0.002815564027912326,0.012673592786982192,0.03611492227584228,0.0575949485117312,0.0006324925513934807,0.0006324925513934807,0.0006324925513934807,0.0027615679803186313,0.014617212574015263,0.03219027640560109,0.0006358090995597424,0.0006358090995597424,0.0006358090995597424,0.0027627260492055494,0.01461718170869378,0.03219090406250269,0.0006358101771686644,0.0006358101771686644,0.0006358101771686644,0.0027627280109847885,0.014617173331700213,0.03219082817868837
438894.0,438894.0,228,2019,7692.0,28.881959915161133,-31.9047908782959,Extreme,2019-08-16,32,2019-08-14,2019-08-22,9,LC08_169082_20190819,156.59426815724595,0.0010321802167680466,0.0010321802167680466,0.0048109158302637916,0.012661228533293335,0.0693275691394799,0.1572241256731011,0.0010237901887003944,0.0010237901887003944,0.0028052275394070594,0.006728827396374533,0.0810450070088442,0.1572226459418447,0.0010299179535459004,0.0010299179535459004,0.004813290733009311,0.012659961149731447,0.06933049803179374,0.15722268337041242,0.0009427717558690329,0.0009427717558690329,0.002762359015549079,0.008715655923116622,0.11620575950706101,0.20020905199225672,0.0009455721014407974,0.0009455721014407974,0.0027623844084740403,0.008715899172077636,0.12205292012353026,0.2255870392511002,0.0009455679197850799,0.0009455679197850799,0.002762383836993758,0.008715964509283783,0.12205286266849692,0.2255870392511002
346306.0,346306.0,221,2019,7692.0,29.283954620361328,-31.54546356201172,Extreme,2019-08-09,61,2019-08-08,2019-08-23,16,LC08_168082_20190812,225.17921595427538,0.002826397731338419,0.0010329450146687497,0.012679384934103173,0.053698188896616796,0.21386204152926594,0.2529272916509802,0.002784070717142773,0.0010687284847852084,0.010692731696251784,0.0869079375328693,0.2001936777131657,0.23337914353943917,0.0028303546134495912,0.0010326763656269623,0.012678617489647164,0.04979034196531707,0.21385825650686702,0.2529184715111347,0.001019864944270698,0.001019864944270698,0.016599410208980207,0.15527241548340337,0.24511695444635273,0.2783035036026664,0.0010162511514159862,0.0010162511514159862,0.016598645539893767,0.17676791458785082,0.2587786369062673,0.28807762883871163,0.0010162489562991859,0.0010162489562991859,0.016598623131491762,0.17676786170432437,0.2587786369062673,0.28807762883871163
777128.0,777128.0,219,2019,2903.0,24.897930145263672,-31.12774658203125,Medium,2019-08-07,66,2019-08-01,2019-08-07,7,LC08_171082_20190801,0.32001491406249993,0.0009594434696882276,0.0009594434696882276,0.002790294981198637,0.010713748745753293,0.03220224210787691,0.05368984367995076,0.0008261125566022605,0.0008261125566022605,0.0008261125566022605,0.0027759989843706982,0.010662732529573858,0.020459570310471575,0.0009679689658717775,0.0009679689658717775,0.002790910425178511,0.010713940537795468,0.03415795082815932,0.05563620715920501,0.0007296944359198267,0.0007296944359198267,0.0007296944359198267,0.0007296944359198267,0.004732232249308601,0.01655627597682351,0.0007298768520726369,0.0007298768520726369,0.0007298768520726369,0.0007298768520726369,0.004733367883567595,0.016557571801242465,0.0007298748271413197,0.0007298748271413197,0.0007298748271413197,0.0007298748271413197,0.004733388200991382,0.016557571801242465
310497.0,310497.0,219,2019,7692.0,28.295808792114254,-31.035669326782227,Extreme,2019-08-07,78,2019-08-07,2019-08-23,17,LC08_169081_20190819,470.2474135850927,0.000935819139931195,0.000935819139931195,0.002833705106771053,0.008725673022245155,0.051740758119626015,0.13573377095447745,0.0008823142284351573,0.0008823142284351573,0.002787951390234459,0.004762602406481877,0.06152001813301858,0.13768591522918827,0.0009372740289204264,0.0009372740289204264,0.0028358887097844647,0.010694008339327815,0.05174369196305432,0.13769815401343613,0.0008184516426591399,0.0008184516426591399,0.0008184516426591399,0.004773860145401668,0.08886250812460558,0.17285619858867216,0.0008217140085451707,0.0008217140085451707,0.0008217140085451707,0.004773309749435921,0.09275758956025724,0.19434470418336114,0.000821715360044015,0.000821715360044015,0.000821715360044015,0.004773289798329684,0.09275754298565993,0.19434470418336114
125638.0,125638.0,219,2019,2903.0,29.11776733398437,-31.161434173583984,Medium,2019-08-07,80,2019-08-02,2019-08-07,6,LC08_169081_20190803,206.7562427530179,0.0010441168952176993,0.0010441168952176993,0.0028246383586644445,0.008716627969546574,0.0732383741367634,0.13769389252923048,0.0010126933951231179,0.0010126933951231179,0.0028109954204153915,0.006742336381839445,0.073232916444517,0.139638630279854,0.0010464743228534897,0.0010464743228534897,0.00282589599536185,0.00871782097909732,0.0732377861572004,0.1376973640126754,0.0010035579957067252,0.0010035579957067252,0.0028077835403418063,0.00872311427845925,0.08495901427406828,0.16700598826912985,0.001001312016814861,0.001001312016814861,0.0028079542025645937,0.008723338657220747,0.08886050145614094,0.19238334003966429,0.001001311447550208,0.001001311447550208,0.0028079647404899016,0.008723344770488145,0.08886039585642831,0.19238334003966429
741367.0,741367.0,214,2019,7805.0,30.08345603942871,-31.07160186767578,High,2019-08-02,123,2019-08-02,2019-08-14,13,LC08_168081_20190812,202.3608391743876,0.004800014667563323,0.0011459082266219566,0.02440916977759643,0.09081351590906953,0.21777005311153003,0.25486707157958344,0.004795869503490671,0.0010881051031024706,0.03612837746257533,0.10644484324222192,0.20409292200366144,0.23337784234617964,0.004800309464684995,0.001164385328841961,0.024406655709440048,0.08886677635530568,0.21777234594541875,0.2548662895541164,0.004791079484436238,0.0010176811428730598,0.04979773357913939,0.1630868143439096,0.2451160167465103,0.2783039424797486,0.004791024484284484,0.0009993582363269358,0.05175037942608853,0.17676722679304427,0.2568317958293407,0.2880721067155656,0.004791024484284484,0.0009993582363269358,0.05175037942608853,0.17676721606260237,0.2568317958293407,0.2880721067155656
269633.0,269633.0,221,2019,2903.0,26.61820411682129,-30.671852111816406,Medium,2019-08-09,130,2019-08-07,2019-08-14,8,LC08_170081_20190810,16.75199196187198,0.0009673998652844543,0.0009673998652844543,0.0009673998652844543,0.004803493424241761,0.026343881587424494,0.049781540270164834,0.0007874428409917469,0.0007874428409917469,0.0007874428409917469,0.004813457746762778,0.02634031217480688,0.04783088303182064,0.000977967236781686,0.000977967236781686,0.000977967236781686,0.0048034710496919495,0.026343073178977446,0.0497768979622215,0.0007827842708121114,0.0007827842708121114,0.0007827842708121114,0.004813928723680103,0.02634455970854269,0.047820498578831284,0.0007778662654751921,0.0007778662654751921,0.0007778662654751921,0.004814362161051701,0.026341878140451615,0.04782134048914341,0.0007778709806944991,0.0007778709806944991,0.0007778709806944991,0.004814383707801795,0.0263418625900435,0.04782134048914341
603288.0,603288.0,240,2019,7692.0,28.29805374145508,-30.57303810119629,Extreme,2019-08-28,139,2019-08-25,2019-08-30,6,LC08_170081_20190826,53.327251953645394,0.0007524705074041761,0.0007524705074041761,0.0007524705074041761,0.006783835141747059,0.028300602354012692,0.05174103293120807,0.0006274724990067203,0.0006274724990067203,0.0006274724990067203,0.0027721858542685746,0.010684449534739172,0.026341916485387522,0.000757865415268527,0.000757865415268527,0.000757865415268527,0.006784546696614927,0.028300397943842537,0.05173853482673292,0.0006381524986525186,0.0006381524986525186,0.0006381524986525186,0.0006381524986525186,0.004752576215333237,0.02829718936320193,0.0006475902957727176,0.0006475902957727176,0.0006475902957727176,0.0006475902957727176,0.004751421805874887,0.028295411808532442,0.0006475928578764374,0.0006475928578764374,0.0006475928578764374,0.0006475928578764374,0.004751438571282401,0.028295411808532442
494534.0,494534.0,219,2019,7805.0,24.437543869018555,-29.800487518310547,High,2019-08-07,255,2019-08-03,2019-08-09,7,LC08_172081_20190808,1.6678197539062498,0.0007569551855674845,0.0007569551855674845,0.0028418861418488582,0.010710454278333111,0.024381719387562253,0.03804316475461253,0.0005621164652321278,0.0005621164652321278,0.0005621164652321278,0.0027877591095934753,0.008712451118772222,0.018490697966245525,0.0007649874418158557,0.0007649874418158557,0.0028433471339511956,0.010710425750076562,0.0263298581642527,0.03804139017705304,0.0005426203842807992,0.0005426203842807992,0.0005426203842807992,0.0005426203842807992,0.005539411051825725,0.017345574894520963,0.0005487462534550935,0.0005487462534550935,0.0005487462534550935,0.0005487462534550935,0.005536429520888722,0.01734843009751153,0.0005487397226820505,0.0005487397226820505,0.0005487397226820505,0.0005487397226820505,0.00553646466071266,0.01734818839949613
46363.0,46363.0,219,2019,7692.0,30.11040496826172,-29.67472267150879,Extreme,2019-08-07,287,2019-08-02,2019-08-07,6,LC08_169080_20190803,244.53758021577636,0.0009324156356997626,0.0009324156356997626,0.0027922586906280514,0.006767201195055824,0.024390483406793725,0.05564467008051541,0.0008985954778011829,0.0008985954778011829,0.0008985954778011829,0.0047676497555973665,0.018520320067945007,0.05174880046117412,0.0009362357525968671,0.0009362357525968671,0.0027934099899165872,0.006767048502185184,0.024389663488464722,0.057603452168420284,0.0008923949234621336,0.0008923949234621336,0.0008923949234621336,0.004767798015124969,0.022435314930068395,0.05954176814413404,0.0008925919840457721,0.0008925919840457721,0.0008925919840457721,0.004768592264270021,0.02243937727015749,0.05955130187727063,0.0008925951003726995,0.0008925951003726995,0.0008925951003726995,0.004768584948136475,0.022439349190174925,0.05955123152981431
46363.0,46363.0,226,2019,7692.0,30.058752059936523,-29.802732467651367,Extreme,2019-08-14,302,2019-08-14,2019-08-29,16,LC08_169080_20190819,708.0598505915373,0.0009554418990289598,0.0009554418990289598,0.0027962843056716963,0.008739500987086918,0.034159755814167296,0.06346510199412936,0.0008651674502141721,0.0008651674502141721,0.0008651674502141721,0.004781350479159218,0.018515952106007257,0.055648560223341054,0.000958195761618513,0.000958195761618513,0.0027986194967666504,0.008739248909395347,0.03416288617316871,0.06346646130815409,0.0007870273790117161,0.0007870273790117161,0.0007870273790117161,0.002734772096655437,0.02243759225894507,0.06151288338780889,0.0007915359450931974,0.0007915359450931974,0.0007915359450931974,0.002734607627040876,0.024395737007943716,0.06151041422890301,0.0007915404679670082,0.0007915404679670082,0.0007915404679670082,0.002734609752060031,0.02439570453308819,0.06151042185761617
11051.0,11051.0,226,2019,7805.0,24.783395767211918,-29.22780990600586,High,2019-08-14,322,2019-08-02,2019-08-21,20,LC08_172080_20190808,6.998614046874995,0.0005917173556212411,0.0005917173556212411,0.0005917173556212411,0.0027804415240207654,0.01264304149002931,0.022411449418585985,0.0005153827077684079,0.0005153827077684079,0.0005153827077684079,0.0005153827077684079,0.0027007865433093833,0.014618082471766412,0.0005954263974057273,0.0005954263974057273,0.0005954263974057273,0.002781341294448414,0.012643290578178921,0.024368688848958424,0.000413084760792264,0.000413084760792264,0.000413084760792264,0.000413084760792264,0.000413084760792264,0.016566956908931896,0.0004141848945703719,0.0004141848945703719,0.0004141848945703719,0.0004141848945703719,0.0004141848945703719,0.016572864210126038,0.0004141856893859749,0.0004141856893859749,0.0004141856893859749,0.0004141856893859749,0.0004141856893859749,0.016572864210126038
821730.0,821730.0,215,2019,7692.0,26.948335647583008,-29.369295120239254,Extreme,2019-08-03,324,2019-08-01,2019-08-08,8,LC08_171080_20190801,5.699430894531255,0.0008804637925058403,0.0008804637925058403,0.0008804637925058403,0.00271479979320792,0.008716209580921251,0.022404527808587135,0.0007843236314932584,0.0007843236314932584,0.0007843236314932584,0.0007843236314932584,0.004704690211130741,0.0165615185069644,0.0008893634161298758,0.0008893634161298758,0.0008893634161298758,0.002717245281961129,0.008716265865410846,0.02240205511106239,0.0008337357569205597,0.0008337357569205597,0.0008337357569205597,0.0008337357569205597,0.0008337357569205597,0.02137005919814542,0.0008344512544597774,0.0008344512544597774,0.0008344512544597774,0.0008344512544597774,0.005392740934918422,0.02136696913620244,0.0008344547015860761,0.0008344547015860761,0.0008344547015860761,0.0008344547015860761,0.0053928937762251095,0.021366909129831
126468.0,126468.0,228,2019,7692.0,30.26761054992676,-29.63429832458496,Extreme,2019-08-16,335,2019-08-07,2019-08-16,10,LC08_168080_20190812,124.7834115063877,0.0010240762816668208,0.0010240762816668208,0.0028026766687229473,0.016579844643931457,0.14941683477457637,0.22558875633570188,0.0009355824230744313,0.0009355824230744313,0.002784692917724106,0.016576310269598066,0.14356751352870153,0.20604224758208037,0.0010345312319424737,0.0010345312319424737,0.0047842425073959345,0.01657959083466989,0.14941359427960957,0.22558916421426609,0.0008206278895536383,0.0008206278895536383,0.0027812306898137976,0.022450694938950296,0.18262030771216342,0.2451231378951401,0.0008089321116456767,0.0008089321116456767,0.002780721243787871,0.02245179774926907,0.19044588847973923,0.25486357245443325,0.0008089335728298673,0.0008089335728298673,0.0027807206952812557,0.0224517914806098,0.19044588847973923,0.25486357245443325
501770.0,501770.0,232,2019,7692.0,29.76679992675781,-29.54446601867676,Extreme,2019-08-20,361,2019-08-13,2019-08-30,18,LC08_168080_20190828,679.1174858891195,0.0010419128113881675,0.0010419128113881675,0.004806623564598545,0.012667731958316131,0.03806530038123929,0.061497863827651815,0.0009211926330480636,0.0009211926330480636,0.0028074958877045836,0.008744428940748429,0.03025070311968747,0.05760818280380815,0.0010431647371551595,0.0010431647371551595,0.004807440121356057,0.012667860149023453,0.03806618799770374,0.06149732380640415,0.0008617907572040294,0.0008617907572040294,0.002781188278535522,0.008742147213655332,0.03806975427582579,0.07908679561103148,0.000861857789097335,0.000861857789097335,0.0027817283376539706,0.008742053582846486,0.03806755051483004,0.08884863901578594,0.0008618608557081949,0.0008618608557081949,0.002781729985785824,0.008742073818281435,0.03806758310549126,0.08884863901578594
554904.0,554904.0,238,2019,7805.0,24.686826705932617,-28.86399269104004,High,2019-08-26,390,2019-08-21,2019-08-28,8,LC08_172080_20190824,3.1654830351562495,0.0005301940426133383,0.0005301940426133383,0.0005301940426133383,0.006800824100621487,0.020468198583897593,0.039993953353148655,0.0004934054270431143,0.0004934054270431143,0.0004934054270431143,0.00279368804998282,0.012645643395833536,0.026318460537679056,0.0005315759162132737,0.0005315759162132737,0.0005315759162132737,0.006800868507844672,0.020466476746847078,0.04195948366401341,0.0005374192557265011,0.0005374192557265011,0.0005374192557265011,0.0005374192557265011,0.013495505158870992,0.029129051744903833,0.0005439718934361219,0.0005439718934361219,0.0005439718934361219,0.0005439718934361219,0.013496487605480873,0.029116388234681555,0.0005439747196832028,0.0005439747196832028,0.0005439747196832028,0.0005439747196832028,0.01349648918724518,0.029116442770298387
930731.0,930731.0,242,2019,7692.0,27.999364852905277,-28.81683158874512,Extreme,2019-08-30,392,2019-08-12,2019-08-30,19,LC08_170080_20190826,40.68122361718742,0.0008667112122009358,0.0008667112122009358,0.0028250114243780237,0.010708574120323958,0.0361194197502703,0.05758798634147479,0.000714489608539952,0.000714489608539952,0.000714489608539952,0.00480116294399834,0.014587940352387222,0.026325429583350008,0.000896800896191185,0.000896800896191185,0.004823083603761136,0.012662561801753859,0.03612013539719128,0.057588425591379964,0.000680981704001588,0.000680981704001588,0.000680981704001588,0.00277436317576864,0.010673516813683934,0.02242084769624948,0.0006863255897401999,0.0006863255897401999,0.0006863255897401999,0.002774571015435547,0.010672801306926633,0.022419180668014092,0.0006863269073313029,0.0006863269073313029,0.0006863269073313029,0.002774573138739098,0.010672831450516744,0.022419180668014092
578930.0,578930.0,233,2019,7805.0,31.377029418945312,-29.059375762939453,High,2019-08-21,429,2019-08-14,2019-08-25,12,LC08_167080_20190821,27.754619725045945,0.004828658369145399,0.0012862364515527937,0.01853987549631908,0.06150981513509234,0.20409910013513666,0.23730203084843246,0.006810690932013263,0.0012450661561636401,0.02048046842654213,0.0849546429435928,0.209954880828383,0.27830027854569805,0.006808001071488951,0.0012889323806812558,0.018541389243644485,0.06150857165129274,0.2040943364834348,0.23729632998728342,0.009718636938973261,0.0020758392946755876,0.03311674914531,0.16602455110670086,0.27929635397853336,0.33004130822515754,0.009722586767728867,0.0020758449802384294,0.04093809179235475,0.16991678412971808,0.28319183071212617,0.3300393200761555,0.009722544479942611,0.002075851666950265,0.040938137653355106,0.16991671037690823,0.2831918805018317,0.3300393172577309
809700.0,809700.0,223,2019,7692.0,31.59037971496582,-28.83704376220703,Extreme,2019-08-11,454,2019-08-02,2019-08-16,15,LC08_167080_20190805,171.6794181051018,0.002838932387312417,0.0009141001739346357,0.008743561887544181,0.08105236404624738,0.1982315064388569,0.2470550774398106,0.0008277931881487347,0.0008277931881487347,0.008751014567726,0.08106172591918873,0.17870752533319814,0.22166699185850006,0.002845107139834286,0.0009141506338429441,0.00874142193377108,0.0810558229450218,0.19823424578554658,0.2490057413193588,0.0007018522811647914,0.0007018522811647914,0.012685883772167634,0.11622890054987571,0.20604480822626306,0.24511735135508106,0.0006966479232649095,0.0006966479232649095,0.012684919852727216,0.12208062608304819,0.20799957339888786,0.24511146734820527,0.0006966459113385857,0.0006966459113385857,0.012684915286060803,0.12208062608304819,0.2079995685021055,0.24511146734820527
780367.0,780367.0,215,2019,6555.0,21.147464752197266,-28.607973098754883,Low,2019-08-03,458,2019-08-03,2019-08-07,5,LC08_174080_20190806,0.38270011328125,0.00046136386418476087,0.00046136386418476087,0.00046136386418476087,0.00046136386418476087,0.0026868633002203103,0.006711774221095812,0.00032391359769703173,0.00032391359769703173,0.00032391359769703173,0.00032391359769703173,0.00032391359769703173,0.0025991094866034646,0.00046563887389984793,0.00046563887389984793,0.00046563887389984793,0.00046563887389984793,0.002686250824729945,0.006710567286237741,0.00038675914192596504,0.00038675914192596504,0.00038675914192596504,0.00038675914192596504,0.00038675914192596504,0.00038675914192596504,0.00038939099069373005,0.00038939099069373005,0.00038939099069373005,0.00038939099069373005,0.00038939099069373005,0.00038939099069373005,0.0003893916770103732,0.0003893916770103732,0.0003893916770103732,0.0003893916770103732,0.0003893916770103732,0.0003893916770103732
63205.0,63205.0,239,2019,7692.0,31.204103469848636,-28.33174133300781,Extreme,2019-08-27,555,2019-08-02,2019-08-30,29,LC08_168079_20190812,1038.716260821414,0.0009519688504168016,0.0009519688504168016,0.0027854224288137784,0.0047732446854523115,0.024388475903753978,0.04978814412221229,0.0008561663136599348,0.0008561663136599348,0.0008561663136599348,0.0027653612566927396,0.020486968632662743,0.04588690487762909,0.0009593462304848255,0.0009593462304848255,0.0027873683033275173,0.0047743832109490535,0.024390439577017628,0.04978702413351522,0.0007032900471793059,0.0007032900471793059,0.0007032900471793059,0.0027654850168432736,0.02243547813676593,0.047815049039959756,0.0006949945720600069,0.0006949945720600069,0.0006949945720600069,0.0027661703863409914,0.022436223641769663,0.047819709728336386,0.0006949961519223663,0.0006949961519223663,0.0006949961519223663,0.002766173985733707,0.022436206704624772,0.047819867361384834
189292.0,189292.0,221,2019,7805.0,25.0349235534668,-28.145339965820312,High,2019-08-09,564,2019-08-05,2019-08-14,10,LC08_172079_20190808,4.404101921875002,0.0007269341469753087,0.0007269341469753087,0.0007269341469753087,0.0007269341469753087,0.009563570066633853,0.021292934702289254,0.000595266195180227,0.000595266195180227,0.000595266195180227,0.000595266195180227,0.000595266195180227,0.01355526796107666,0.000733880154884899,0.000733880154884899,0.000733880154884899,0.000733880154884899,0.009564805578087627,0.021291749597380318,0.00044229854547238627,0.00044229854547238627,0.00044229854547238627,0.00044229854547238627,0.00044229854547238627,0.01357714857178308,0.0004424545488791565,0.0004424545488791565,0.0004424545488791565,0.0004424545488791565,0.0004424545488791565,0.01746519221077715,0.0004424573836125856,0.0004424573836125856,0.0004424573836125856,0.0004424573836125856,0.0004424573836125856,0.0174651924933894
856900.0,856900.0,235,2019,7692.0,28.888696670532227,-28.25313949584961,Extreme,2019-08-23,567,2019-08-23,2019-08-31,9,LC08_170079_20190826,66.62454149306068,0.0007466434674749956,0.0007466434674749956,0.0007466434674749956,0.006782622839962329,0.030267766599480765,0.051725966462099364,0.0005726617055212895,0.0005726617055212895,0.0005726617055212895,0.002790627877042125,0.01263692129732133,0.026340327821311453,0.000756430013032753,0.000756430013032753,0.0028017935015043054,0.006782617776867107,0.03026696578790758,0.051726900148707074,0.000543701654056103,0.000543701654056103,0.000543701654056103,0.000543701654056103,0.008719046469790298,0.026324403264151433,0.0005469464090766985,0.0005469464090766985,0.0005469464090766985,0.0005469464090766985,0.008718342801397308,0.02632929273106133,0.0005469480823687024,0.0005469480823687024,0.0005469480823687024,0.0005469480823687024,0.00871832607028866,0.02632929273106133
976693.0,976693.0,237,2019,7692.0,29.66798591613769,-28.291316986083984,Extreme,2019-08-25,574,2019-08-18,2019-08-25,8,LC08_169079_20190819,332.69269720442765,0.0009392016811310173,0.0009392016811310173,0.002805663805290564,0.0067665928679898745,0.032206065806610826,0.06148852518290373,0.0008183351311781541,0.0008183351311781541,0.0008183351311781541,0.002768842243792975,0.016557514618569684,0.05369155946232528,0.0009428375082630576,0.0009428375082630576,0.002809985911735186,0.006767216486023414,0.03220836576018158,0.0614994485706172,0.0007535484974663111,0.0007535484974663111,0.0007535484974663111,0.0027557337006107454,0.016561829802075174,0.061520538756137194,0.0007570985811894899,0.0007570985811894899,0.0007570985811894899,0.002755524816943972,0.016561920052509362,0.06152178120177841,0.0007571062606035898,0.0007571062606035898,0.0007571062606035898,0.002755528517705743,0.016561849031744198,0.06152178120177841
976693.0,976693.0,218,2019,7692.0,29.811716079711918,-28.25538444519043,Extreme,2019-08-06,575,2019-08-02,2019-08-07,6,LC08_169079_20190803,123.72329914975526,0.0007206229615722209,0.0007206229615722209,0.0007206229615722209,0.004802422108061546,0.02243142243994321,0.057594570052873835,0.0006591937644064716,0.0006591937644064716,0.0006591937644064716,0.002799760303363434,0.014594447707397498,0.05369757881112706,0.000732601947262253,0.000732601947262253,0.000732601947262253,0.004802226214889311,0.022431675932522113,0.05759618043529222,0.0010840446784454168,0.0010840446784454168,0.0010840446784454168,0.0010840446784454168,0.01743448931358401,0.06440729994252993,0.0010850121881678819,0.0010850121881678819,0.0010850121881678819,0.0010850121881678819,0.021376772992150003,0.06439912961987525,0.0010850218208925482,0.0010850218208925482,0.0010850218208925482,0.0010850218208925482,0.02137676991294219,0.0643988731700145
262129.0,262129.0,242,2019,7692.0,30.74820899963379,-28.104915618896484,Extreme,2019-08-30,594,2019-08-27,2019-08-30,4,LC08_168079_20190828,180.77417510692374,0.0010619870931475527,0.0010619870931475527,0.0028224066515805824,0.01070008393746356,0.03024156079152149,0.05173253943972591,0.0014581234215664152,0.0005886106541231499,0.0033860580561179375,0.0073048639008949185,0.027823874469284596,0.048337442625298856,0.0010613911168414723,0.0010613911168414723,0.004801628836219736,0.010700691993190684,0.03024255250297437,0.05173768690482109,0.0010999567085414746,0.0010999567085414746,0.0027968271387343886,0.008735241460106945,0.036114185005399674,0.07128178996318928,0.0010988222786718384,0.0010988222786718384,0.0027971571671525563,0.008735303079284442,0.03611567344974666,0.07910599075706799,0.0010988213749096348,0.0010988213749096348,0.0027971622513684844,0.008735303398452333,0.03611565598442159,0.07910599075706799
644035.0,644035.0,234,2019,7692.0,31.853137969970703,-27.94097328186035,Extreme,2019-08-22,616,2019-08-20,2019-08-25,6,LC08_167079_20190821,64.76400675611217,0.0067898695371598275,0.0013085646189190249,0.018534976597518932,0.10644695134892018,0.2255785835625161,0.2724532027661327,0.006796265725534991,0.0012619905434739296,0.02243311643840054,0.12402568569885325,0.20995360649599515,0.25681275405336723,0.006792732493662029,0.001309391526596691,0.0185361443696631,0.10644623817536565,0.2255787026896908,0.2724546729024888,0.009694291958528226,0.0021937164487872154,0.033115245805709896,0.1777475085148291,0.27147284401383576,0.32222527560936803,0.009694530958604224,0.0021924954772532474,0.03702197633938885,0.1816418662442781,0.2714744982445548,0.32222335015353576,0.009694504267409669,0.0021925226984004418,0.03702197378151155,0.18164189392076538,0.2714744982445548,0.32222335015353576
142305.0,142305.0,232,2019,7805.0,32.234920501708984,-28.08245849609375,High,2019-08-20,628,2019-08-04,2019-08-25,22,LC08_167079_20190805,1.5406074634803923,0.004806576588002313,0.00112444841445327,0.03810696192842278,0.17677529895603078,0.24118215412987262,0.28409003277814315,0.0028497681905365743,0.0010097858887000155,0.03616033252920452,0.13958999819784174,0.1962082082358026,0.23110716985246055,0.004806036209393202,0.0011226468213596163,0.03812419379759766,0.17676755725105872,0.24118215052749742,0.28407601190548853,0.00283225910350702,0.0008648822563718392,0.0419140915876252,0.18071093242902964,0.23727928785056843,0.26644897230872033,0.0028356562118682566,0.0008647963071824047,0.041913819217442264,0.18259098766012602,0.23924403185390047,0.26646987650346,0.0028356562118682566,0.0008647963071824047,0.041913819217442264,0.18259098766012602,0.23924403185390047,0.26646987650346
927081.0,927081.0,221,2019,7692.0,29.11552047729492,-27.422197341918945,Extreme,2019-08-09,641,2019-08-04,2019-08-12,9,LC08_170079_20190810,31.96953224200371,0.0007173506058862063,0.0007173506058862063,0.0007173506058862063,0.0027808678386338002,0.028306548568587008,0.053689929899478815,0.0006120170653176125,0.0006120170653176125,0.0006120170653176125,0.002783255032257402,0.01658999568240655,0.04588244906379875,0.0007275432796382057,0.0007275432796382057,0.0007275432796382057,0.004782373769658473,0.030256919032763417,0.055645217819206255,0.0006021017902884228,0.0006021017902884228,0.0006021017902884228,0.0027865030832686507,0.018529380525839922,0.05368415767911872,0.0006017831630584462,0.0006017831630584462,0.0006017831630584462,0.0027877939702198175,0.018530240018861104,0.053681925762111095,0.0006017847329941059,0.0006017847329941059,0.0006017847329941059,0.0027877948648159377,0.01853024794341017,0.053681925762111095
476124.0,476124.0,216,2019,7805.0,25.93099403381348,-27.22456741333008,High,2019-08-04,744,2019-08-01,2019-08-04,4,LC08_171079_20190801,1.8329081328124999,0.000915087901960029,0.000915087901960029,0.000915087901960029,0.000915087901960029,0.005336179291731311,0.021353603658455334,0.0007561707681345252,0.0007561707681345252,0.0007561707681345252,0.0007561707681345252,0.005373675744525479,0.02135438523656499,0.0009291140571064643,0.0009291140571064643,0.0009291140571064643,0.0009291140571064643,0.0053340229053569456,0.021354214590710685,0.0007335795326096317,0.0007335795326096317,0.0007335795326096317,0.0007335795326096317,0.0053784566928430965,0.025306968711981997,0.0007354574593986283,0.0007354574593986283,0.0007354574593986283,0.0007354574593986283,0.005379381146810835,0.025306166479869503,0.0007354542218600987,0.0007354542218600987,0.0007354542218600987,0.0007354542218600987,0.0053793853844103755,0.025306166479869503
699855.0,699855.0,228,2019,7805.0,26.71702003479004,-26.90566635131836,High,2019-08-16,825,2019-08-12,2019-08-30,19,LC08_171079_20190817,25.322831964843814,0.000729995416154758,0.000729995416154758,0.000729995416154758,0.000729995416154758,0.013536395906413432,0.05265939774086979,0.000617375049333467,0.000617375049333467,0.000617375049333467,0.000617375049333467,0.000617375049333467,0.02529929790801397,0.0007430221787863497,0.0007430221787863497,0.0007430221787863497,0.0007430221787863497,0.021403075924997867,0.05656361497971056,0.0007468674226322971,0.0007468674226322971,0.0007468674226322971,0.0007468674226322971,0.00536292679994369,0.033160395359368294,0.0007612959659049301,0.0007612959659049301,0.0007612959659049301,0.0007612959659049301,0.005362804328183043,0.03316441626079295,0.0007612977309278237,0.0007612977309278237,0.0007612977309278237,0.0007612977309278237,0.005362833384110862,0.03316477957462639
535746.0,535746.0,228,2019,7692.0,26.982023239135746,-26.6900691986084,Extreme,2019-08-16,829,2019-08-02,2019-08-23,22,LC08_171078_20190817,123.82889620369184,0.0008059321668081394,0.0008059321668081394,0.0008059321668081394,0.0008059321668081394,0.009492860083496684,0.04877385557203313,0.0005562494471381162,0.0005562494471381162,0.0005562494471381162,0.0005562494471381162,0.0047346141314864795,0.02438857435680954,0.0008166337346602186,0.0008166337346602186,0.0008166337346602186,0.0008166337346602186,0.013506868543350738,0.05265213312057834,0.0008323557442787106,0.0008323557442787106,0.0008323557442787106,0.0008323557442787106,0.0053710318244294016,0.029190832730594748,0.0008454929231483353,0.0008454929231483353,0.0008454929231483353,0.0008454929231483353,0.005370400600295445,0.02919220540349414,0.0008454963206656542,0.0008454963206656542,0.0008454963206656542,0.0008454963206656542,0.005370414656172946,0.02919220540349414
735597.0,735597.0,223,2019,7805.0,27.71639442443848,-26.710281372070312,High,2019-08-11,832,2019-08-05,2019-08-12,8,LC08_170078_20190810,116.67603580972744,0.000715318128931984,0.000715318128931984,0.000715318128931984,0.0027604166672677345,0.02244399572352563,0.05173496547047735,0.0006563735384422845,0.0006563735384422845,0.0006563735384422845,0.0027570819493775334,0.01461904945454928,0.043934284512923,0.0007225096961141421,0.0007225096961141421,0.0007225096961141421,0.0027608109208909744,0.022443471273759154,0.05368741327535122,0.0006378887550928801,0.0006378887550928801,0.0006378887550928801,0.002761306652539318,0.01657660075839083,0.04980714681766847,0.0006366008914139332,0.0006366008914139332,0.0006366008914139332,0.0027626405732987438,0.01657435164487019,0.0498082875543159,0.000636606175225259,0.000636606175225259,0.000636606175225259,0.002762637227553054,0.01657433493999819,0.0498082875543159
174800.0,174800.0,235,2019,7805.0,27.74783706665039,-26.66087532043457,High,2019-08-23,833,2019-08-20,2019-08-30,11,LC08_170078_20190826,263.80507288252176,0.0006961862950972856,0.0006961862950972856,0.0006961862950972856,0.004795145613468068,0.02243360135560162,0.053692590460445715,0.0005424153028099195,0.0005424153028099195,0.0005424153028099195,0.0005424153028099195,0.008730806482065322,0.026344354627020297,0.0007051715558741343,0.0007051715558741343,0.0007051715558741343,0.004795942551035312,0.024385032179874547,0.05369023287196117,0.0004813950687108744,0.0004813950687108744,0.0004813950687108744,0.0004813950687108744,0.006748543143634458,0.03219929959547383,0.00048342856841405546,0.00048342856841405546,0.00048342856841405546,0.00048342856841405546,0.006748500512754795,0.0321987576325885,0.00048343195807827734,0.00048343195807827734,0.00048343195807827734,0.00048343195807827734,0.006748495442300666,0.0321987576325885
386881.0,386881.0,235,2019,7692.0,29.45912742614746,-26.51265335083008,Extreme,2019-08-23,849,2019-08-11,2019-08-23,13,LC08_169078_20190819,368.8453646399198,0.0009285317621694519,0.0009285317621694519,0.0027893444911265886,0.004783367743240601,0.01655711137759695,0.040018684858341584,0.000784301470917112,0.000784301470917112,0.000784301470917112,0.0027284361053035414,0.0106869105324635,0.03610559806240709,0.0009344702322242476,0.0009344702322242476,0.0027939551205098463,0.004785861570773216,0.01655812787687083,0.04001364208944467,0.0007094609026383585,0.0007094609026383585,0.0007094609026383585,0.0027422526214417268,0.014618860556364485,0.04393415294005689,0.0007220051791058409,0.0007220051791058409,0.0007220051791058409,0.002742130978038543,0.01657182904039829,0.0458748286130868,0.000722007756890969,0.000722007756890969,0.000722007756890969,0.0027421401666311448,0.016571882785448043,0.045875009995142615
431299.0,431299.0,221,2019,7805.0,29.0346736907959,-26.50366973876953,High,2019-08-09,852,2019-08-02,2019-08-11,10,LC08_169078_20190803,316.3470368737127,0.001020411238532454,0.001020411238532454,0.001020411238532454,0.001020411238532454,0.01351003654757678,0.03702912349932358,0.0009237275543591127,0.0009237275543591127,0.0009237275543591127,0.0009237275543591127,0.01348546277501254,0.03702597633653784,0.00103901522755244,0.00103901522755244,0.00103901522755244,0.00103901522755244,0.013508368963471922,0.037021675949998535,0.0008938500518086322,0.0008938500518086322,0.0008938500518086322,0.0008938500518086322,0.013522124357214654,0.04483384461983883,0.0008909637557723345,0.0008909637557723345,0.0008909637557723345,0.0008909637557723345,0.01747620128441979,0.04484358681464845,0.0008909871158774506,0.0008909871158774506,0.0008909871158774506,0.0008909871158774506,0.017476129770737724,0.04484421192386791
275582.0,275582.0,240,2019,7692.0,30.653886795043945,-26.611467361450195,Extreme,2019-08-28,878,2019-08-27,2019-08-30,4,LC08_168078_20190828,220.52158069606318,0.001088131069330338,0.001088131069330338,0.0028331335276486815,0.008734773019672635,0.02829667240806712,0.04977189463786428,0.001460774876462949,0.0005983942672083406,0.0033901540681229372,0.006327823482402845,0.02196493021058802,0.044424719318217926,0.0010863414449184044,0.0010863414449184044,0.002834155551410636,0.008735187562224021,0.028295225908360717,0.04977831417121641,0.0011587758433799149,0.0011587758433799149,0.0028257585673756957,0.006756346896036032,0.024383129175576234,0.04783124828719081,0.0011645996336606121,0.0011645996336606121,0.002827288757880466,0.006756084184223955,0.024384923524685027,0.04782457956548895,0.001164600731524613,0.001164600731524613,0.002827292748887169,0.006756076787746071,0.02438493737020861,0.0478245602918746
773783.0,773783.0,233,2019,7805.0,25.477344512939453,-26.063495635986328,High,2019-08-21,884,2019-08-20,2019-08-28,9,LC08_172078_20190824,9.90464071875001,0.0007899547163380255,0.0007899547163380255,0.0007899547163380255,0.0007899547163380255,0.005409945473717259,0.013429432000121047,0.0006443895255322892,0.0006443895255322892,0.0006443895255322892,0.0006443895255322892,0.0006443895255322892,0.005253803317722298,0.000822245665043198,0.000822245665043198,0.000822245665043198,0.000822245665043198,0.005419309433221442,0.013435588161184694,0.0006582858143560125,0.0006582858143560125,0.0006582858143560125,0.0006582858143560125,0.0026350966175852585,0.006718269772749611,0.0006697489772827294,0.0006697489772827294,0.0006697489772827294,0.0006697489772827294,0.0026377571919520455,0.00671789690534014,0.0006697529304571864,0.0006697529304571864,0.0006697529304571864,0.0006697529304571864,0.0026377726024270523,0.00671789690534014
234637.0,234637.0,228,2019,7692.0,30.993000030517575,-26.08819961547852,Extreme,2019-08-16,989,2019-08-04,2019-08-30,27,LC08_168078_20190812,0.5554991353094363,0.001702053341293218,0.0007435732457885366,0.003163903896885512,0.006600099849076435,0.024160717793727037,0.04572295120224292,0.0005428876485111647,0.0005428876485111647,0.002409450422415491,0.005347155866413407,0.02099715619397773,0.045359438260629846,0.0016975001295991775,0.0007475616096642933,0.0031652807948530965,0.006605265571338446,0.02413333687503833,0.046138777049459345,0.0007100082152921378,0.0002604665488079942,0.002192465382649674,0.005617342333053784,0.026156787540464802,0.05000984553271572,0.0007118712010538571,0.000257412129783163,0.002191323671384353,0.005617860989065537,0.026656343457490326,0.05006770887359009,0.0007118712010538571,0.000257412129783163,0.002191323671384353,0.005617860989065537,0.026656343457490326,0.05006770887359009
646573.0,646573.0,219,2019,7692.0,26.1196403503418,-26.00959587097168,Extreme,2019-08-07,1010,2019-08-07,2019-08-14,8,LC08_172078_20190808,18.020878250000006,0.0010800625287379663,0.0010800625287379663,0.0010800625287379663,0.0010800625287379663,0.005395619058095881,0.009350062079733809,0.0009496648662137952,0.0009496648662137952,0.0009496648662137952,0.0009496648662137952,0.0009496648662137952,0.009375269252403314,0.001095290514815196,0.001095290514815196,0.001095290514815196,0.001095290514815196,0.00541161508241117,0.013288214833595512,0.0008744256312174074,0.0008744256312174074,0.0008744256312174074,0.0008744256312174074,0.0008744256312174074,0.009376468538871975,0.0008797620349990966,0.0008797620349990966,0.0008797620349990966,0.0008797620349990966,0.0008797620349990966,0.009378041339146334,0.0008797672331240151,0.0008797672331240151,0.0008797672331240151,0.0008797672331240151,0.0008797672331240151,0.009378163503207084
324508.0,324508.0,216,2019,7692.0,27.25376319885254,-26.032054901123047,Extreme,2019-08-04,1020,2019-08-01,2019-08-10,10,LC08_171078_20190801,67.19628055335467,0.0007134794629582094,0.0007134794629582094,0.0007134794629582094,0.0007134794629582094,0.006715026047228321,0.020465226769352227,0.0006183594633383199,0.0006183594633383199,0.0006183594633383199,0.0006183594633383199,0.004744051574443862,0.0204751250644472,0.0007180479784694864,0.0007180479784694864,0.0007180479784694864,0.0007180479784694864,0.0067154878777553485,0.02046120914249477,0.0005937112568262946,0.0005937112568262946,0.0005937112568262946,0.0005937112568262946,0.0047412190018957375,0.022442451647582115,0.0007678452519780258,0.0007678452519780258,0.0007678452519780258,0.0007678452519780258,0.005378635676402187,0.021373048144027167,0.0007678466836407697,0.0007678466836407697,0.0007678466836407697,0.0007678466836407697,0.005378600218007014,0.02137330549273379
516551.0,516551.0,238,2019,7692.0,27.848896026611328,-25.18314552307129,Extreme,2019-08-26,1195,2019-08-19,2019-08-28,10,LC08_170077_20190826,182.794821338005,0.0007560571835028168,0.0007560571835028168,0.0007560571835028168,0.0027725134363191122,0.012635994078838622,0.02632771575749989,0.0006544078564995764,0.0006544078564995764,0.0006544078564995764,0.0006544078564995764,0.0047152999269333105,0.02048406391289107,0.0007625240856747057,0.0007625240856747057,0.0007625240856747057,0.002773749661690043,0.012637396645752034,0.026330134298484596,0.0005778373378177814,0.0005778373378177814,0.0005778373378177814,0.0005778373378177814,0.004749341333251397,0.024377854927789502,0.0005775039395941471,0.0005775039395941471,0.0005775039395941471,0.0005775039395941471,0.004749846048222208,0.024381151325742045,0.0005775096353536754,0.0005775096353536754,0.0005775096353536754,0.0005775096353536754,0.004749860508975284,0.024381151325742045
428210.0,428210.0,226,2019,7692.0,27.44465446472168,-25.252765655517575,Extreme,2019-08-14,1213,2019-08-02,2019-08-21,20,LC08_171077_20190817,126.19582486617679,0.0008687503490889794,0.0008687503490889794,0.0008687503490889794,0.0008687503490889794,0.005311020082857315,0.013431253599670973,0.0008689458979430532,0.0008689458979430532,0.0008689458979430532,0.0008689458979430532,0.0008689458979430532,0.013499222524096613,0.000873832634049024,0.000873832634049024,0.000873832634049024,0.000873832634049024,0.0053116262375797465,0.013429390855398503,0.0010197023034450227,0.0010197023034450227,0.0010197023034450227,0.0010197023034450227,0.00524012696523578,0.017437998500080983,0.001027047642443442,0.001027047642443442,0.001027047642443442,0.001027047642443442,0.005241144472500915,0.017436447182061308,0.0010270512779074676,0.0010270512779074676,0.0010270512779074676,0.0010270512779074676,0.005241136425611365,0.017436512720718153
975337.0,975337.0,219,2019,7692.0,28.998741149902344,-25.481836318969727,Extreme,2019-08-07,1219,2019-08-02,2019-08-12,11,LC08_170077_20190810,160.55617279304548,0.0007576941321965487,0.0007576941321965487,0.0007576941321965487,0.0027324068945157906,0.00871355626310906,0.028301423794569028,0.0007598384898551719,0.0007598384898551719,0.0007598384898551719,0.0027254670472454915,0.008715203415824647,0.028290546428861935,0.0007597518003637833,0.0007597518003637833,0.0007597518003637833,0.0027326179555817315,0.008713018325734177,0.02829691690932063,0.0007240689398897089,0.0007240689398897089,0.0007240689398897089,0.0027328499318518564,0.008716194956200072,0.030243631695095807,0.0007230119447418162,0.0007230119447418162,0.0007230119447418162,0.0027333755126009575,0.008716958542561316,0.030245965623410705,0.0007230190188598791,0.0007230190188598791,0.0007230190188598791,0.0027333713335482247,0.0087169897726198,0.030245965623410705
393560.0,393560.0,233,2019,7692.0,30.092439651489254,-25.246028900146484,Extreme,2019-08-21,1237,2019-08-02,2019-08-21,20,LC08_169077_20190803,1.4287919976562495,0.0004117081929802748,0.0004117081929802748,0.0014214378295310784,0.004368559701362789,0.017043137733161996,0.03950274775267775,0.00041016738066884184,0.00041016738066884184,0.0014166569777566676,0.0033785054992198915,0.015135525793077396,0.03750607964224836,0.0004117962410320624,0.0004117962410320624,0.0014201020212728727,0.004369383700343076,0.01807004348097793,0.03960797911827401,0.0004164034627824599,0.0004164034627824599,0.001423715034535024,0.003368966089130011,0.020061606008080338,0.044388577571649754,0.0004152840306162402,0.0004152840306162402,0.0014185212717041018,0.003366583549896228,0.020069372770742354,0.04537760908740999,0.00041528887580951084,0.00041528887580951084,0.001418498430846553,0.003366583549896228,0.020069372770742354,0.04537760908740999
393560.0,393560.0,228,2019,7692.0,29.991378784179688,-25.23929023742676,Extreme,2019-08-16,1238,2019-08-07,2019-08-30,24,LC08_169077_20190819,649.227657311705,0.0009615355745170399,0.0009615355745170399,0.0028010217072215546,0.006767502258309664,0.02047431127962463,0.04391184317908641,0.0008245675476056359,0.0008245675476056359,0.0008245675476056359,0.0027511477197442067,0.014613399621147917,0.038071012691821574,0.0009618082421382325,0.0009618082421382325,0.002806736390268619,0.006768491833900471,0.022424013894355922,0.0439186613316744,0.000756306294436772,0.000756306294436772,0.000756306294436772,0.0027386344803265565,0.020491279703215747,0.0478264939515766,0.0007669622053288171,0.0007669622053288171,0.0007669622053288171,0.0027381277036958524,0.020485232885389237,0.049784053591680595,0.0007669637018456068,0.0007669637018456068,0.0007669637018456068,0.002738128534780347,0.020485060559434495,0.04978429719750175
634928.0,634928.0,226,2019,7692.0,31.05588150024414,-25.14272117614746,Extreme,2019-08-14,1332,2019-08-07,2019-08-16,10,LC08_168077_20190812,141.23886299289097,0.0011604099472771177,0.0011604099472771177,0.002843513122437807,0.006750028403105922,0.022429065170496636,0.043917259839067684,0.0010189852488020066,0.0010189852488020066,0.0028202214894672054,0.004776566586666311,0.016558130292441832,0.041962982917615924,0.0011691499264127072,0.0011691499264127072,0.002846465059472384,0.006749472736190003,0.022430649843663157,0.04391497526849214,0.0008825155185261443,0.0008825155185261443,0.0028057737737870528,0.0047807191740566754,0.018518636233645448,0.0439319376984167,0.0008762657923265225,0.0008762657923265225,0.0028056373462377418,0.00478182486125388,0.01851602622989917,0.04393667188463605,0.0008762655817922147,0.0008762655817922147,0.002805633416558087,0.004781825136335664,0.018515982184795905,0.04393667188463605
812768.0,812768.0,240,2019,7692.0,31.224315643310547,-25.01920318603516,Extreme,2019-08-28,1336,2019-08-16,2019-08-30,15,LC08_168077_20190828,460.09170420510253,0.0018842863101052206,0.0018842863101052206,0.0056343635338307295,0.00957416568686301,0.029179359683625502,0.04871232478832365,0.0009591786820757366,0.0009591786820757366,0.0028545063675966247,0.006762554569364218,0.020468458557664496,0.043916854149520936,0.001899771055921873,0.001899771055921873,0.005638586255656086,0.00957756192685965,0.029175298112712196,0.048718246528577466,0.0009429362195280196,0.0009429362195280196,0.0028610383353494064,0.006769356828216705,0.02242894100070834,0.049784888664324,0.0009525556793010982,0.0009525556793010982,0.0028608604332590595,0.006769978322302115,0.022428952463986955,0.04978357538300213,0.0009525521265924821,0.0009525521265924821,0.002860855123504052,0.006769972377928211,0.02242897410641839,0.04978353384707988
536864.0,536864.0,234,2019,7692.0,30.229433059692383,-23.869359970092773,Extreme,2019-08-22,1378,2019-08-16,2019-08-25,10,LC08_169076_20190819,123.18903551953127,0.0011026851236169862,0.0011026851236169862,0.0028405154080149895,0.008735666978588743,0.022420064932602502,0.038051391356616344,0.0010215718104192534,0.0010215718104192534,0.0027866592401648137,0.0047736562964366775,0.016563269726221082,0.0341458377472312,0.001109930562145987,0.001109930562145987,0.004809639664578482,0.008736488105800164,0.02242003679210685,0.040011212655895106,0.000929030898024622,0.000929030898024622,0.000929030898024622,0.0047906081374575376,0.018515428420107848,0.04196799238897271,0.0009303452615651565,0.0009303452615651565,0.0009303452615651565,0.004791980037001208,0.020469279161879923,0.04196909294459608,0.0009303475816236586,0.0009303475816236586,0.0009303475816236586,0.00479197393293647,0.02046903323775977,0.0419688783047749
822026.0,822026.0,219,2019,7692.0,29.99587059020996,-23.759315490722656,Extreme,2019-08-07,1386,2019-08-03,2019-08-07,5,LC08_169076_20190803,64.85907702734389,0.0009681365458784853,0.0009681365458784853,0.002825129563055822,0.006769485191139616,0.022429153327771217,0.04196400235619965,0.0004831138426165544,0.0004831138426165544,0.0014193098826897669,0.004366192069749375,0.01512578961379879,0.034660249219969866,0.0009753520322742549,0.0009753520322742549,0.002831303016829606,0.008734184958874262,0.02438416686194986,0.043907211638859404,0.0007283759577979463,0.0007283759577979463,0.0007283759577979463,0.004783974704895924,0.020483602602366844,0.04588271951742196,0.0007222734631707076,0.0007222734631707076,0.0007222734631707076,0.004785744946779068,0.020480418351537636,0.047832257923479185,0.0007222696606606853,0.0007222696606606853,0.0007222696606606853,0.004785750502745984,0.020480425729399093,0.04783251366525624
