temporal_variance_p25,temporal_variance_p5,temporal_variance_p50,temporal_variance_p75,temporal_variance_p95,scenes,label
5.724887973734975e-05,5.724887973734975e-05,5.724887973734975e-05,5.724887973734975e-05,0.0003352760328911,"['1_LC08_173081_20190409', '1_LC08_173081_20190324', '1_LC08_173081_20190308', '1_LC08_173081_20190220', '2_LC08_173081_20190425']",0
7.850323660964539e-05,7.850323660964539e-05,7.850323660964539e-05,0.0005984604674762,0.0018247562443793,"['1_LC08_175083_20190322', '1_LC08_175083_20190306', '1_LC08_175083_20190218', '1_LC08_175083_20190202', '2_LC08_175083_20190407']",0
0.0003606063296929,0.0001268951433929,0.0006021738650519,0.001584163380674,0.0042681329450971,"['1_LC08_169080_20190413', '1_LC08_169080_20190328', '1_LC08_169080_20190224', '1_LC08_169080_20190208', '2_LC08_169080_20190429']",0
0.0001110863488191,0.0001110863488191,0.0003512511111753,0.0005993323130738,0.0013310701097236,"['1_LC08_172077_20190402', '1_LC08_172077_20190317', '1_LC08_172077_20190301', '1_LC08_172077_20190213', '2_LC08_172077_20190418']",0
0.0004254717727888,0.0001879392270886,0.0007924740689199,0.001401245648271,0.0023792554586691,"['1_LC08_171081_20190614', '1_LC08_171081_20190529', '1_LC08_171081_20190513', '1_LC08_171081_20190427', '2_LC08_171081_20190630']",0
0.0014037223632046,0.0006725895055488,0.0022588198582142,0.0035995614440008,0.0064106233783492,"['1_LC08_170075_20190303', '1_LC08_170075_20190130', '1_LC08_170075_20190114', '1_LC08_170075_20181213', '2_LC08_170075_20190319']",0
4.478518466733736e-05,1.7447491107580517e-05,7.539547662425386e-05,0.0001364676633749,0.000258289050127,"['1_LC08_174079_20190619', '1_LC08_174079_20190603', '1_LC08_174079_20190518', '1_LC08_174079_20190502', '2_LC08_174079_20190705']",0
0.0001859748045726,7.427937224783802e-05,0.0004251083186266,0.0006675410423514,0.0011569853070669,"['1_LC08_172077_20190605', '1_LC08_172077_20190520', '1_LC08_172077_20190504', '1_LC08_172077_20190418', '2_LC08_172077_20190621']",0
7.508055420211639e-05,7.508055420211639e-05,7.508055420211639e-05,0.000351450350044,0.0015789782628406,"['1_LC08_175083_20190306', '1_LC08_175083_20190218', '1_LC08_175083_20190202', '1_LC08_175083_20190117', '2_LC08_175083_20190322']",1
1.749629564735935e-05,1.749629564735935e-05,1.749629564735935e-05,1.749629564735935e-05,1.749629564735935e-05,"['1_LC08_176078_20190617', '1_LC08_176078_20190601', '1_LC08_176078_20190516', '1_LC08_176078_20190430', '2_LC08_176078_20190703']",0
0.0001186811317239,0.0001186811317239,0.0001186811317239,0.0001186811317239,0.00339378698635,"['1_LC08_176083_20190617', '1_LC08_176083_20190601', '1_LC08_176083_20190516', '1_LC08_176083_20190414', '2_LC08_176083_20190703']",0
8.975148074313905e-05,3.831329620673516e-05,0.0001507691956456,0.0003958072191351,0.0011887024349675,"['1_LC08_175077_20190322', '1_LC08_175077_20190306', '1_LC08_175077_20190218', '1_LC08_175077_20190117', '2_LC08_175077_20190407']",0
1.4007987337638664e-05,1.4007987337638664e-05,0.0006686491576522,0.0021326799876133,0.0062833215349215,"['1_LC08_168079_20191116', '1_LC08_168079_20191031', '1_LC08_168079_20191015', '1_LC08_168079_20190929', '2_LC08_168079_20191202']",1
9.868175505671125e-05,9.868175505671125e-05,9.868175505671125e-05,0.0003448562444863,0.0008384688963428,"['1_LC08_175079_20190306', '1_LC08_175079_20190218', '1_LC08_175079_20190202', '1_LC08_175079_20190117', '2_LC08_175079_20190322']",0
0.0012817176397178,0.0004291760864581,0.0022580551716343,0.0033559018540773,0.0055555560342805,"['1_LC08_171081_20190310', '1_LC08_171081_20190222', '1_LC08_171081_20190206', '1_LC08_171081_20190121', '2_LC08_171081_20190326']",0
8.823796184801759e-05,8.823796184801759e-05,8.823796184801759e-05,0.0003418340947826,0.0015870675951835,"['1_LC08_172083_20190808', '1_LC08_172083_20190723', '1_LC08_172083_20190707', '1_LC08_172083_20190621', '2_LC08_172083_20190824']",0
0.0001099323390773,0.0001099323390773,0.000604820744515,0.0010939608604014,0.0025597986687741,"['1_LC08_173078_20190324', '1_LC08_173078_20190308', '1_LC08_173078_20190220', '1_LC08_173078_20190204', '2_LC08_173078_20190409']",0
0.0003624067467092,0.0001523614701362,0.0003624067467092,0.0008426930209181,0.0015768154460849,"['1_LC08_171077_20190716', '1_LC08_171077_20190630', '1_LC08_171077_20190614', '1_LC08_171077_20190529', '2_LC08_171077_20190801']",1
2.2109519371817077e-05,2.2109519371817077e-05,8.875641843187971e-05,0.0003351286841021,0.0013107536881139,"['1_LC08_174078_20190126', '1_LC08_174078_20190110', '1_LC08_174078_20181225', '1_LC08_174078_20181209', '2_LC08_174078_20190211']",0
8.41157038189285e-05,8.41157038189285e-05,8.41157038189285e-05,0.0003437980353603,0.0013314394935769,"['1_LC08_174083_20190705', '1_LC08_174083_20190619', '1_LC08_174083_20190603', '1_LC08_174083_20190518', '2_LC08_174083_20190721']",0
0.0001094688414634,0.0001094688414634,0.0001094688414634,0.0005966486245249,0.001327576393741,"['1_LC08_172081_20190418', '1_LC08_172081_20190402', '1_LC08_172081_20190317', '1_LC08_172081_20190301', '2_LC08_172081_20190504']",0
2.440672577931233e-05,2.440672577931233e-05,2.440672577931233e-05,8.464253632092255e-05,0.000273316399297,"['1_LC08_176077_20190516', '1_LC08_176077_20190430', '1_LC08_176077_20190414', '1_LC08_176077_20190329', '2_LC08_176077_20190601']",0
0.0001679255642736,0.0001679255642736,0.0007084547195841,0.0011903167207567,0.0153146589066744,"['1_LC08_169081_20190718', '1_LC08_169081_20190702', '1_LC08_169081_20190616', '1_LC08_169081_20190531', '2_LC08_169081_20190803']",1
2.374711306957953e-05,2.374711306957953e-05,2.374711306957953e-05,2.374711306957953e-05,0.0012964628612025,"['1_LC08_167081_20190517', '1_LC08_167081_20190330', '1_LC08_167081_20181122', '2_LC08_167081_20190602']",0
6.869816098509372e-05,3.9285905810462215e-05,8.368506509332611e-05,0.0001294053272873,0.000205890121965,"['1_LC08_176077_20190719', '1_LC08_176077_20190703', '1_LC08_176077_20190617', '1_LC08_176077_20190601', '2_LC08_176077_20190804']",0
9.358845651619613e-06,9.358845651619613e-06,0.0003037730506365,0.0014004771582711,0.004208627361044,"['1_LC08_168076_20190217', '1_LC08_168076_20190201', '1_LC08_168076_20190116', '1_LC08_168076_20181231', '2_LC08_168076_20190305']",0
6.05088545261428e-05,6.05088545261428e-05,6.05088545261428e-05,6.05088545261428e-05,0.0008482311970411,"['1_LC08_175078_20190610', '1_LC08_175078_20190525', '1_LC08_175078_20190509', '1_LC08_175078_20190423', '2_LC08_175078_20190626']",0
0.0003633011431381,0.0001401232728621,0.0006057397666953,0.0013332025535597,0.0042712140783657,"['1_LC08_169080_20190429', '1_LC08_169080_20190413', '1_LC08_169080_20190328', '1_LC08_169080_20190224', '2_LC08_169080_20190515']",0
0.0011016216732183,8.116494358408245e-05,0.0020737991840978,0.0032920743632209,0.0064639696194599,"['1_LC08_168078_20190625', '1_LC08_168078_20190609', '1_LC08_168078_20190524', '1_LC08_168078_20190508', '2_LC08_168078_20190711']",1
4.148107562371146e-05,4.148107562371146e-05,4.148107562371146e-05,0.0001699328392805,0.0005453449261858,"['1_LC08_175081_20190423', '1_LC08_175081_20190407', '1_LC08_175081_20190322', '1_LC08_175081_20190306', '2_LC08_175081_20190509']",0
0.0001787629501742,6.1782562415505e-05,0.0003010570336628,0.0007910738061501,0.0022505990728949,"['1_LC08_173078_20190119', '1_LC08_173078_20190103', '1_LC08_173078_20181218', '1_LC08_173078_20181202', '2_LC08_173078_20190204']",0
7.704059940565104e-05,7.704059940565104e-05,7.704059940565104e-05,7.704059940565104e-05,0.001680288522921,"['1_LC08_171084_20190427', '1_LC08_171084_20190411', '1_LC08_171084_20190326', '1_LC08_171084_20190222', '2_LC08_171084_20190513']",0
8.456711985955433e-05,8.456711985955433e-05,0.000353719921865,0.0006000774277171,0.0020693395407511,"['1_LC08_170082_20191130', '1_LC08_170082_20191114', '1_LC08_170082_20191029', '1_LC08_170082_20191013', '2_LC08_170082_20191216']",0
2.98290894537711e-05,2.98290894537711e-05,0.0004258880512096,0.0010336580056859,0.0027443667373234,"['1_LC08_168076_20190422', '1_LC08_168076_20190406', '1_LC08_168076_20190321', '1_LC08_168076_20190305', '2_LC08_168076_20190508']",0
4.257962192501843e-05,4.257962192501843e-05,4.257962192501843e-05,0.0001698815441207,0.0011608747780965,"['1_LC08_173082_20190730', '1_LC08_173082_20190714', '1_LC08_173082_20190628', '1_LC08_173082_20190612', '2_LC08_173082_20190815']",0
0.0003074964799076,5.948916831945978e-05,0.0005490624069806,0.0007898769161377,0.0012781396066202,"['1_LC08_171081_20190716', '1_LC08_171081_20190630', '1_LC08_171081_20190614', '1_LC08_171081_20190529', '2_LC08_171081_20190801']",0
2.074829535298793e-05,2.074829535298793e-05,0.0001792095599749,0.0006707190003451,0.002137286492922,"['1_LC08_168076_20190305', '1_LC08_168076_20190217', '1_LC08_168076_20190201', '1_LC08_168076_20190116', '2_LC08_168076_20190321']",0
5.346177691380228e-05,5.346177691380228e-05,0.0001726040041683,0.0006687108976775,0.0025005089946972,"['1_LC08_167079_20190415', '1_LC08_167079_20190330', '1_LC08_167079_20190314', '1_LC08_167079_20190226', '2_LC08_167079_20190501']",0
0.000362916118592,0.0001192148292968,0.0008493019685232,0.0018282834001264,0.0069618221774218,"['1_LC08_170078_20190404', '1_LC08_170078_20190319', '1_LC08_170078_20190303', '1_LC08_170078_20190130', '2_LC08_170078_20190420']",1
8.407110747802377e-05,8.407110747802377e-05,8.407110747802377e-05,0.0003487139740324,0.0015849309654257,"['1_LC08_174081_20190331', '1_LC08_174081_20190315', '1_LC08_174081_20190227', '1_LC08_174081_20190211', '2_LC08_174081_20190416']",0
2.420127426590856e-05,2.420127426590856e-05,2.420127426590856e-05,2.420127426590856e-05,0.0006682564983298,"['1_LC08_176080_20190108', '1_LC08_176080_20181223', '1_LC08_176080_20181207', '1_LC08_176080_20181121', '2_LC08_176080_20190124']",0
1.2322353760708297e-05,1.2322353760708297e-05,1.2322353760708297e-05,4.293193763201572e-05,0.0001357113010875,"['1_LC08_174081_20190603', '1_LC08_174081_20190518', '1_LC08_174081_20190502', '1_LC08_174081_20190416', '2_LC08_174081_20190619']",0
0.0003598937810752,9.12929847380156e-05,0.0008501953321969,0.0018232868009278,0.0059800754454736,"['1_LC08_170079_20190404', '1_LC08_170079_20190319', '1_LC08_170079_20190303', '1_LC08_170079_20190130', '2_LC08_170079_20190420']",1
5.573025066834205e-05,5.573025066834205e-05,0.0001767151037319,0.0004243588172092,0.0010339028813181,"['1_LC08_174077_20190518', '1_LC08_174077_20190502', '1_LC08_174077_20190416', '1_LC08_174077_20190331', '2_LC08_174077_20190603']",0
0.0001826653497355,2.8475710522221928e-05,0.0005463828649819,0.0011589355556271,0.0027389455522247,"['1_LC08_169077_20190328', '1_LC08_169077_20190224', '1_LC08_169077_20190208', '1_LC08_169077_20190123', '2_LC08_169077_20190413']",1
0.0001032467578496,0.0001032467578496,0.0001032467578496,0.0003520119568037,0.0015791723404506,"['1_LC08_173080_20190324', '1_LC08_173080_20190308', '1_LC08_173080_20190220', '1_LC08_173080_20190204', '2_LC08_173080_20190409']",0
3.8267696137615615e-05,2.4953389476023305e-05,5.293453091137354e-05,8.342188157968513e-05,0.0002360125250709,"['1_LC08_175077_20190626', '1_LC08_175077_20190610', '1_LC08_175077_20190525', '1_LC08_175077_20190509', '2_LC08_175077_20190712']",0
0.0001030616854627,0.0001030616854627,0.0001030616854627,0.0012048923215263,0.0095087606215199,"['1_LC08_173084_20190714', '1_LC08_173084_20190628', '1_LC08_173084_20190612', '1_LC08_173084_20190511', '2_LC08_173084_20190730']",0
0.0001051629538672,0.0001051629538672,0.000362748082888,0.0008453795696346,0.0015747577738892,"['1_LC08_173077_20190511', '1_LC08_173077_20190425', '1_LC08_173077_20190409', '1_LC08_173077_20190324', '2_LC08_173077_20190527']",0
0.0002141349643064,0.0002141349643064,0.0002141349643064,0.0002141349643064,0.0033750372965884,"['1_LC08_167081_20190805', '1_LC08_167081_20190704', '1_LC08_167081_20190618', '1_LC08_167081_20190602', '2_LC08_167081_20190821']",0
6.699405349290295e-05,6.699405349290295e-05,6.699405349290295e-05,0.0003478862093692,0.002066671434908,"['1_LC08_172084_20190213', '1_LC08_172084_20190128', '1_LC08_172084_20190112', '1_LC08_172084_20181211', '2_LC08_172084_20190301']",0
6.704503791640117e-05,6.704503791640117e-05,6.704503791640117e-05,0.0003466516915542,0.001336186611328,"['1_LC08_171083_20181220', '1_LC08_171083_20181204', '1_LC08_171083_20181118', '1_LC08_171083_20181102', '2_LC08_171083_20190105']",1
0.0007939044173736,0.0001837798563941,0.0014028627734138,0.0022565222376003,0.0045773887437147,"['1_LC08_169078_20190515', '1_LC08_169078_20190429', '1_LC08_169078_20190413', '1_LC08_169078_20190328', '2_LC08_169078_20190531']",1
8.359719597380487e-05,8.359719597380487e-05,8.359719597380487e-05,0.000346168155327,0.0010932646412342,"['1_LC08_175078_20190407', '1_LC08_175078_20190322', '1_LC08_175078_20190306', '1_LC08_175078_20190218', '2_LC08_175078_20190423']",0
0.0006097667345277,0.0001351289433169,0.0010931561560232,0.001825901611406,0.0045171086569809,"['1_LC08_168078_20190727', '1_LC08_168078_20190711', '1_LC08_168078_20190625', '1_LC08_168078_20190609', '2_LC08_168078_20190812']",1
4.540209136505129e-06,4.540209136505129e-06,4.540209136505129e-06,4.540209136505129e-06,0.0007875944737853,"['1_LC08_160093_20190313', '1_LC08_160093_20190209', '1_LC08_160093_20181207', '1_LC08_160093_20181121', '2_LC08_160093_20190329']",0
0.0015237669182384,0.0005500017774318,0.0027468755346368,0.0044564889865236,0.0082364479080204,"['1_LC08_169077_20191123', '1_LC08_169077_20191107', '1_LC08_169077_20191022', '1_LC08_169077_20191006', '2_LC08_169077_20191225']",0
8.956219859612504e-05,3.3905763113983464e-05,0.0001509517732604,0.0003339623418347,0.0007615894335614,"['1_LC08_174077_20190619', '1_LC08_174077_20190603', '1_LC08_174077_20190518', '1_LC08_174077_20190502', '2_LC08_174077_20190705']",0
0.0001799838422754,8.089981636924683e-05,0.0002995883535715,0.0004225867891434,0.0012801576657789,"['1_LC08_170082_20190810', '1_LC08_170082_20190725', '1_LC08_170082_20190709', '1_LC08_170082_20190623', '2_LC08_170082_20190826']",1
4.537884365309207e-05,2.000368635986167e-05,7.519386353732597e-05,0.000105662959629,0.0001966813914891,"['1_LC08_175079_20190712', '1_LC08_175079_20190626', '1_LC08_175079_20190610', '1_LC08_175079_20190525', '2_LC08_175079_20190728']",0
0.0003039795539048,6.100178832713311e-05,0.0006704204908719,0.0012805892871812,0.0031176092530682,"['1_LC08_173077_20190220', '1_LC08_173077_20190204', '1_LC08_173077_20190119', '1_LC08_173077_20190103', '2_LC08_173077_20190308']",0
1.14455160227887e-05,1.14455160227887e-05,4.5617234419450553e-05,0.0001056340699751,0.0005644665758109,"['1_LC08_177079_20190710', '1_LC08_177079_20190624', '1_LC08_177079_20190608', '1_LC08_177079_20190523', '2_LC08_177079_20190726']",0
4.768732639354504e-05,4.768732639354504e-05,0.0001771311762233,0.0003004722689445,0.0011568605800863,"['1_LC08_171082_20190513', '1_LC08_171082_20190427', '1_LC08_171082_20190411', '1_LC08_171082_20190326', '2_LC08_171082_20190529']",0
5.303564671230999e-05,5.303564671230999e-05,0.0001749427488706,0.0004236812545174,0.001521736723885,"['1_LC08_169080_20191006', '1_LC08_169080_20190920', '1_LC08_169080_20190904', '1_LC08_169080_20190819', '2_LC08_169080_20191022']",1
5.413607168405448e-05,5.413607168405448e-05,5.413607168405448e-05,0.0002987332444087,0.0012803221258735,"['1_LC08_170078_20191013', '1_LC08_170078_20190927', '1_LC08_170078_20190911', '1_LC08_170078_20190826', '2_LC08_170078_20191029']",1
7.71873651190819e-05,7.71873651190819e-05,7.71873651190819e-05,0.0017025333618402,0.0046265691180654,"['1_LC08_169083_20190328', '1_LC08_169083_20190312', '1_LC08_169083_20190224', '1_LC08_169083_20190208', '2_LC08_169083_20190413']",0
0.0007944647043652,0.0003091538498748,0.0012791476642066,0.0020117236417591,0.0034757294462203,"['1_LC08_170075_20190420', '1_LC08_170075_20190404', '1_LC08_170075_20190319', '1_LC08_170075_20190303', '2_LC08_170075_20190506']",0
0.0001645231370124,0.0001645231370124,0.0001645231370124,0.0001645231370124,0.0063043837709174,"['1_LC08_172084_20190808', '1_LC08_172084_20190723', '1_LC08_172084_20190707', '1_LC08_172084_20190621', '2_LC08_172084_20190824']",0
0.0006118064481084,0.0001461084993827,0.0010935969885185,0.0015785396835668,0.003537973908862,"['1_LC08_172080_20190402', '1_LC08_172080_20190317', '1_LC08_172080_20190301', '1_LC08_172080_20190213', '2_LC08_172080_20190418']",1
0.0001282467867259,0.0001282467867259,0.0001282467867259,0.0012030250058494,0.0075399891813504,"['1_LC08_167080_20190501', '1_LC08_167080_20190415', '1_LC08_167080_20190330', '1_LC08_167080_20190314', '2_LC08_167080_20190517']",0
5.7198166027044445e-05,3.444508931866489e-05,9.537697849905568e-05,0.0001563024327418,0.0003168364902906,"['1_LC08_174078_20190806', '1_LC08_174078_20190721', '1_LC08_174078_20190705', '1_LC08_174078_20190619', '2_LC08_174078_20190822']",0
0.0001161366590523,0.0001161366590523,0.0003616348392712,0.0008460458398965,0.0020659949614341,"['1_LC08_176077_20190313', '1_LC08_176077_20190225', '1_LC08_176077_20190209', '1_LC08_176077_20190124', '2_LC08_176077_20190329']",0
5.817027226563863e-05,5.817027226563863e-05,5.817027226563863e-05,0.0001687136815008,0.0009125889055688,"['1_LC08_176081_20190209', '1_LC08_176081_20190124', '1_LC08_176081_20190108', '1_LC08_176081_20181223', '2_LC08_176081_20190225']",0
9.986573392850894e-05,9.986573392850894e-05,9.986573392850894e-05,9.986573392850894e-05,0.0013646389458325,"['1_LC08_160093_20190329', '1_LC08_160093_20190313', '1_LC08_160093_20190209', '1_LC08_160093_20181207', '2_LC08_160093_20190516']",0
0.0015883308382144,0.0003729903592182,0.0030491544571142,0.0062240794042137,0.0150024671555878,"['1_LC08_169078_20190208', '1_LC08_169078_20190123', '1_LC08_169078_20181222', '1_LC08_169078_20181206', '2_LC08_169078_20190224']",0
6.219903738010317e-05,6.219903738010317e-05,0.0001790594998888,0.0004230021667877,0.0011555995497796,"['1_LC08_171078_20190801', '1_LC08_171078_20190716', '1_LC08_171078_20190630', '1_LC08_171078_20190614', '2_LC08_171078_20190817']",1
7.231591438675601e-05,7.231591438675601e-05,7.231591438675601e-05,7.231591438675601e-05,0.0008413789193521,"['1_LC08_175082_20190407', '1_LC08_175082_20190322', '1_LC08_175082_20190306', '1_LC08_175082_20190218', '2_LC08_175082_20190423']",0
4.952359895773207e-05,4.952359895773207e-05,0.0003023006107788,0.0007911550119482,0.0023815095983146,"['1_LC08_171083_20190513', '1_LC08_171083_20190427', '1_LC08_171083_20190411', '1_LC08_171083_20190326', '2_LC08_171083_20190529']",0
0.000159412782312,0.000159412782312,0.000159412782312,0.000159412782312,0.000159412782312,"['1_LC08_172083_20190520', '1_LC08_172083_20190504', '1_LC08_172083_20190418', '1_LC08_172083_20190402', '2_LC08_172083_20190605']",0
0.0005485504585384,5.094452921554539e-05,0.001526858703933,0.0032333986165982,0.0065276452955627,"['1_LC08_171077_20181220', '1_LC08_171077_20181204', '1_LC08_171077_20181118', '1_LC08_171077_20181102', '2_LC08_171077_20190105']",0
5.2499874563479247e-05,5.2499874563479247e-05,5.2499874563479247e-05,0.0003494201468375,0.0018287356138727,"['1_LC08_170084_20190114', '1_LC08_170084_20181229', '1_LC08_170084_20181213', '1_LC08_170084_20181111', '2_LC08_170084_20190130']",0
2.536077965042981e-05,2.536077965042981e-05,2.536077965042981e-05,2.536077965042981e-05,0.0002979099142449,"['1_LC08_176080_20190516', '1_LC08_176080_20190430', '1_LC08_176080_20190414', '1_LC08_176080_20190329', '2_LC08_176080_20190601']",0
0.0008520324186766,0.0003791026319858,0.0015827714602167,0.0030529009003944,0.0101369953639037,"['1_LC08_172079_20190317', '1_LC08_172079_20190301', '1_LC08_172079_20190213', '1_LC08_172079_20190128', '2_LC08_172079_20190402']",0
0.0003039843323885,5.734515026523804e-05,0.0005480566672872,0.0011580455419006,0.0038461134836928,"['1_LC08_171078_20190411', '1_LC08_171078_20190326', '1_LC08_171078_20190310', '1_LC08_171078_20190222', '2_LC08_171078_20190427']",1
9.890106301728302e-05,9.890106301728302e-05,9.890106301728302e-05,0.0003370772816137,0.001337275154366,"['1_LC08_172081_20190621', '1_LC08_172081_20190605', '1_LC08_172081_20190520', '1_LC08_172081_20190504', '2_LC08_172081_20190707']",1
5.861876714977467e-05,5.861876714977467e-05,5.861876714977467e-05,5.861876714977467e-05,0.0016817592367695,"['1_LC08_168082_20190508', '1_LC08_168082_20190305', '1_LC08_168082_20190217', '1_LC08_168082_20181231', '2_LC08_168082_20190524']",0
4.927837811284421e-05,4.927837811284421e-05,4.927837811284421e-05,0.0006020186927455,0.0020724029395091,"['1_LC08_175084_20190423', '1_LC08_175084_20190407', '1_LC08_175084_20190322', '1_LC08_175084_20190306', '2_LC08_175084_20190509']",1
0.0009150899010177,0.000306899610527,0.0017694514696146,0.0032332128805572,0.0064094974445842,"['1_LC08_170075_20181213', '1_LC08_170075_20181127', '1_LC08_170075_20181111', '1_LC08_170075_20181026', '2_LC08_170075_20190114']",0
6.51960837911673e-05,6.51960837911673e-05,6.51960837911673e-05,6.51960837911673e-05,0.0021791203559141,"['1_LC08_172084_20190418', '1_LC08_172084_20190402', '1_LC08_172084_20190317', '1_LC08_172084_20190301', '2_LC08_172084_20190504']",0
8.504482231251213e-05,8.504482231251213e-05,8.504482231251213e-05,8.504482231251213e-05,0.00169034039368,"['1_LC08_171084_20190206', '1_LC08_171084_20190121', '1_LC08_171084_20190105', '1_LC08_171084_20181220', '2_LC08_171084_20190222']",1
6.321637229356207e-05,6.321637229356207e-05,6.321637229356207e-05,0.0003503449427864,0.0018256976034281,"['1_LC08_176080_20190124', '1_LC08_176080_20190108', '1_LC08_176080_20181223', '1_LC08_176080_20181207', '2_LC08_176080_20190209']",0
8.799572157861209e-05,8.799572157861209e-05,8.799572157861209e-05,8.799572157861209e-05,0.0016864051409284,"['1_LC08_176083_20190329', '1_LC08_176083_20190225', '1_LC08_176083_20190209', '1_LC08_176083_20190124', '2_LC08_176083_20190414']",0
6.0785716946398925e-05,6.0785716946398925e-05,6.0785716946398925e-05,6.0785716946398925e-05,0.0008405235097022,"['1_LC08_176083_20190209', '1_LC08_176083_20190124', '1_LC08_176083_20190108', '1_LC08_176083_20181223', '2_LC08_176083_20190225']",0
0.0001536594655993,0.0001536594655993,0.0001536594655993,0.0001536594655993,0.0033727219641893,"['1_LC08_176083_20190719', '1_LC08_176083_20190703', '1_LC08_176083_20190617', '1_LC08_176083_20190601', '2_LC08_176083_20190804']",0
4.259815594999333e-05,4.259815594999333e-05,4.259815594999333e-05,4.259815594999333e-05,0.0002957872239615,"['1_LC08_171077_20190918', '1_LC08_171077_20190902', '1_LC08_171077_20190817', '1_LC08_171077_20190801', '2_LC08_171077_20191004']",1
3.19921308994452e-05,3.19921308994452e-05,3.19921308994452e-05,0.000603615597454,0.0023105717175047,"['1_LC08_168081_20191015', '1_LC08_168081_20190929', '1_LC08_168081_20190913', '1_LC08_168081_20190812', '2_LC08_168081_20191116']",0
2.5593489484883816e-05,2.5593489484883816e-05,8.830561543303125e-05,0.0002733055126013,0.0007631084609015,"['1_LC08_170075_20191013', '1_LC08_170075_20190927', '1_LC08_170075_20190911', '1_LC08_170075_20190826', '2_LC08_170075_20191029']",0
0.000335966904103,1.6318104635270492e-05,0.0010064762888841,0.001984448740608,0.0042421484143375,"['1_LC08_171076_20190121', '1_LC08_171076_20190105', '1_LC08_171076_20181220', '1_LC08_171076_20181204', '2_LC08_171076_20190222']",0
3.532407748450688e-05,3.532407748450688e-05,8.89361536595837e-05,0.0001473581843484,0.0002721378974092,"['1_LC08_171075_20190918', '1_LC08_171075_20190902', '1_LC08_171075_20190817', '1_LC08_171075_20190801', '2_LC08_171075_20191004']",0
0.0001049787842879,0.0001049787842879,0.000360335211352,0.0010923268956158,0.0023113279846417,"['1_LC08_173078_20190409', '1_LC08_173078_20190324', '1_LC08_173078_20190308', '1_LC08_173078_20190220', '2_LC08_173078_20190425']",0
0.0004283801428416,0.0001930847494573,0.0006704326353629,0.0010346731882271,0.0018906805480418,"['1_LC08_170077_20190607', '1_LC08_170077_20190522', '1_LC08_170077_20190506', '1_LC08_170077_20190420', '2_LC08_170077_20190623']",1
5.261117527149647e-05,5.261117527149647e-05,0.0001812234594272,0.0004221144702125,0.0016443095858679,"['1_LC08_168079_20190929', '1_LC08_168079_20190913', '1_LC08_168079_20190828', '1_LC08_168079_20190812', '2_LC08_168079_20191015']",1
0.0003647742944018,6.279589354811126e-05,0.0013413938897314,0.0023173729867884,0.0050039981333672,"['1_LC08_168079_20190609', '1_LC08_168079_20190524', '1_LC08_168079_20190508', '1_LC08_168079_20190321', '2_LC08_168079_20190625']",1
0.0004254883136048,6.006021133810386e-05,0.0009125733765456,0.0018941462146425,0.0040874349493852,"['1_LC08_169081_20190312', '1_LC08_169081_20190224', '1_LC08_169081_20190208', '1_LC08_169081_20190123', '2_LC08_169081_20190328']",0
3.412707156883006e-05,3.412707156883006e-05,0.0001788347957558,0.0006681425424548,0.0021317467743461,"['1_LC08_170082_20190420', '1_LC08_170082_20190404', '1_LC08_170082_20190319', '1_LC08_170082_20190303', '2_LC08_170082_20190506']",0
0.0001522181450584,3.215854495975551e-05,0.0003345959545216,0.0005784636204486,0.0013721591613434,"['1_LC08_171082_20190529', '1_LC08_171082_20190513', '1_LC08_171082_20190427', '1_LC08_171082_20190411', '2_LC08_171082_20190614']",0
0.0015883817807394,0.0003683372871777,0.003538728703219,0.006470861732208,0.0145310695902344,"['1_LC08_170079_20190130', '1_LC08_170079_20190114', '1_LC08_170079_20181213', '1_LC08_170079_20181127', '2_LC08_170079_20190303']",0
0.0008543201758803,0.000372975688153,0.0013392612266098,0.0023125653087128,0.0059768720354133,"['1_LC08_171079_20190529', '1_LC08_171079_20190513', '1_LC08_171079_20190427', '1_LC08_171079_20190411', '2_LC08_171079_20190614']",1
1.0022480186332217e-05,1.0022480186332217e-05,1.0022480186332217e-05,1.0022480186332217e-05,0.0005461984393878,"['1_LC08_178080_20190327', '1_LC08_178080_20190311', '1_LC08_178080_20190223', '1_LC08_178080_20190207', '2_LC08_178080_20190412']",0
0.0001836277458908,6.892997856389185e-05,0.0004240923569982,0.0006688080818724,0.0015200115372758,"['1_LC08_170081_20190709', '1_LC08_170081_20190623', '1_LC08_170081_20190607', '1_LC08_170081_20190522', '2_LC08_170081_20190725']",1
0.002074861131728,0.0006164404776289,0.0037837007390662,0.0069520979207761,0.0159905325727952,"['1_LC08_170078_20190130', '1_LC08_170078_20190114', '1_LC08_170078_20181213', '1_LC08_170078_20181127', '2_LC08_170078_20190303']",0
0.0002750247079134,9.34199231737232e-05,0.0004573197061975,0.0008226245820464,0.0016186792615317,"['1_LC08_168076_20190913', '1_LC08_168076_20190828', '1_LC08_168076_20190812', '1_LC08_168076_20190727', '2_LC08_168076_20190929']",0
7.545682655709069e-05,7.545682655709069e-05,0.000853073839786,0.0018256720419034,0.0042684645934435,"['1_LC08_168077_20190625', '1_LC08_168077_20190609', '1_LC08_168077_20190524', '1_LC08_168077_20190508', '2_LC08_168077_20190711']",1
0.0001371579900676,4.789784967433917e-05,0.0001979336830407,0.0003201756510186,0.0005942242842357,"['1_LC08_173079_20190730', '1_LC08_173079_20190714', '1_LC08_173079_20190628', '1_LC08_173079_20190612', '2_LC08_173079_20190815']",0
6.324488073005554e-05,6.324488073005554e-05,6.324488073005554e-05,6.324488073005554e-05,0.0015821029924839,"['1_LC08_174083_20190110', '1_LC08_174083_20181225', '1_LC08_174083_20181209', '1_LC08_174083_20181123', '2_LC08_174083_20190126']",0
0.0001337094684043,0.0001337094684043,0.0001337094684043,0.0016961617891101,0.0109806895066992,"['1_LC08_175083_20190728', '1_LC08_175083_20190712', '1_LC08_175083_20190626', '1_LC08_175083_20190610', '2_LC08_175083_20190813']",0
4.06880777699678e-05,4.06880777699678e-05,0.000302225374083,0.0006693978933963,0.002010175015841,"['1_LC08_168080_20190812', '1_LC08_168080_20190727', '1_LC08_168080_20190711', '1_LC08_168080_20190625', '2_LC08_168080_20190828']",1
0.00015212033492,9.39671442748673e-05,0.0002126721715244,0.0003953510657068,0.0007618286003062,"['1_LC08_174077_20190721', '1_LC08_174077_20190705', '1_LC08_174077_20190619', '1_LC08_174077_20190603', '2_LC08_174077_20190806']",0
5.162925381676207e-05,5.162925381676207e-05,0.0001798355585368,0.0004238990163529,0.0012821134431719,"['1_LC08_169082_20190429', '1_LC08_169082_20190413', '1_LC08_169082_20190328', '1_LC08_169082_20190312', '2_LC08_169082_20190515']",0
0.0004271491231206,6.106410935005855e-05,0.0009156161665407,0.0016460085822536,0.0034752167627937,"['1_LC08_169080_20190515', '1_LC08_169080_20190429', '1_LC08_169080_20190413', '1_LC08_169080_20190328', '2_LC08_169080_20190531']",0
3.8987764531432165e-05,3.8987764531432165e-05,3.8987764531432165e-05,3.8987764531432165e-05,0.0004191578367009,"['1_LC08_176082_20190313', '1_LC08_176082_20190225', '1_LC08_176082_20190209', '1_LC08_176082_20190124', '2_LC08_176082_20190329']",0
0.0001517190224619,2.97352666524662e-05,0.000395878729802,0.0010674606082474,0.0026542462319593,"['1_LC08_170075_20191130', '1_LC08_170075_20191114', '1_LC08_170075_20191029', '1_LC08_170075_20191013', '2_LC08_170075_20191216']",0
0.0004260838103672,5.924201791260276e-05,0.0017702747912136,0.0051878469778905,0.0095813925342571,"['1_LC08_170077_20181213', '1_LC08_170077_20181127', '1_LC08_170077_20181111', '1_LC08_170077_20181026', '2_LC08_170077_20190114']",0
2.2460916347134997e-05,2.2460916347134997e-05,2.2460916347134997e-05,8.711510447580916e-05,0.0004561945953642,"['1_LC08_175082_20190101', '1_LC08_175082_20181216', '1_LC08_175082_20181130', '1_LC08_175082_20181114', '2_LC08_175082_20190117']",0
0.0004269820312849,0.0001871337002586,0.0006704569750667,0.0010342185962004,0.0018885203962388,"['1_LC08_171077_20190614', '1_LC08_171077_20190529', '1_LC08_171077_20190513', '1_LC08_171077_20190427', '2_LC08_171077_20190630']",1
4.311982823344143e-05,4.311982823344143e-05,4.311982823344143e-05,0.0005468467259072,0.0026243269226751,"['1_LC08_167080_20190314', '1_LC08_167080_20190226', '1_LC08_167080_20190210', '1_LC08_167080_20190109', '2_LC08_167080_20190330']",0
0.0001507370648457,9.30211461921928e-05,0.0003351617715281,0.0005180928941814,0.0009450966425117,"['1_LC08_171076_20190801', '1_LC08_171076_20190716', '1_LC08_171076_20190630', '1_LC08_171076_20190614', '2_LC08_171076_20190817']",0
8.440482280761273e-05,8.440482280761273e-05,8.440482280761273e-05,0.0008500308379066,0.0047585965025419,"['1_LC08_175077_20190117', '1_LC08_175077_20190101', '1_LC08_175077_20181216', '1_LC08_175077_20181130', '2_LC08_175077_20190218']",0
4.0078124411391526e-05,4.0078124411391526e-05,0.0001782591683514,0.0006672473188216,0.0020097179454757,"['1_LC08_175083_20190423', '1_LC08_175083_20190407', '1_LC08_175083_20190322', '1_LC08_175083_20190306', '2_LC08_175083_20190509']",1
0.0003615436761001,0.0001406815256169,0.0008486162369805,0.001828273823514,0.0035362241425195,"['1_LC08_169075_20190531', '1_LC08_169075_20190515', '1_LC08_169075_20190429', '1_LC08_169075_20190413', '2_LC08_169075_20190616']",0
4.487537645043825e-05,1.7797105310776415e-05,7.507924109272364e-05,0.0001672991654118,0.0005642525082327,"['1_LC08_172082_20190418', '1_LC08_172082_20190402', '1_LC08_172082_20190317', '1_LC08_172082_20190301', '2_LC08_172082_20190504']",0
0.0013440285487596,0.0003750554492272,0.0020731845352875,0.0035402505189821,0.0062177825745117,"['1_LC08_172080_20190301', '1_LC08_172080_20190213', '1_LC08_172080_20190128', '1_LC08_172080_20190112', '2_LC08_172080_20190317']",0
0.0017696724073291,0.0006746110507575,0.0029902737194082,0.004700269469514,0.0086079802751427,"['1_LC08_170076_20190303', '1_LC08_170076_20190130', '1_LC08_170076_20190114', '1_LC08_170076_20181213', '2_LC08_170076_20190319']",0
7.871113886076302e-05,7.871113886076302e-05,7.871113886076302e-05,7.871113886076302e-05,0.0016879643724892,"['1_LC08_171084_20190529', '1_LC08_171084_20190513', '1_LC08_171084_20190427', '1_LC08_171084_20190411', '2_LC08_171084_20190614']",0
6.271176261920436e-05,6.271176261920436e-05,0.0003021566449878,0.0005442815801227,0.0015241939344656,"['1_LC08_170080_20191130', '1_LC08_170080_20191114', '1_LC08_170080_20191029', '1_LC08_170080_20191013', '2_LC08_170080_20191216']",0
5.058046028279828e-05,5.058046028279828e-05,5.058046028279828e-05,5.058046028279828e-05,0.0005895078066579,"['1_LC08_175081_20190610', '1_LC08_175081_20190525', '1_LC08_175081_20190509', '1_LC08_175081_20190423', '2_LC08_175081_20190626']",0
7.614800368255416e-05,7.614800368255416e-05,7.614800368255416e-05,0.0003455325986536,0.0010920193552038,"['1_LC08_171083_20190105', '1_LC08_171083_20181220', '1_LC08_171083_20181204', '1_LC08_171083_20181118', '2_LC08_171083_20190121']",0
9.115501665773452e-05,3.270609933458481e-05,0.0002124284475674,0.0004572001775642,0.0012512832862698,"['1_LC08_172077_20190504', '1_LC08_172077_20190418', '1_LC08_172077_20190402', '1_LC08_172077_20190317', '2_LC08_172077_20190520']",0
4.008547162470721e-05,4.008547162470721e-05,4.008547162470721e-05,0.0003538236071225,0.0013333762484585,"['1_LC08_175084_20181216', '1_LC08_175084_20181130', '1_LC08_175084_20181114', '1_LC08_175084_20181029', '2_LC08_175084_20190101']",0
2.7272384790172296e-05,2.7272384790172296e-05,2.7272384790172296e-05,0.0006079688683459,0.0035305426990489,"['1_LC08_177081_20190507', '1_LC08_177081_20190421', '1_LC08_177081_20190405', '1_LC08_177081_20190320', '2_LC08_177081_20190523']",0
1.536748624873343e-05,1.536748624873343e-05,4.397047995299069e-05,0.0001060323408776,0.0003195193362695,"['1_LC08_174080_20190705', '1_LC08_174080_20190619', '1_LC08_174080_20190603', '1_LC08_174080_20190518', '2_LC08_174080_20190721']",0
1.1244103167371792e-05,1.1244103167371792e-05,1.1244103167371792e-05,1.1244103167371792e-05,0.0008381758145677,"['1_LC08_160093_20190209', '1_LC08_160093_20181207', '1_LC08_160093_20181121', '1_LC08_160093_20181105', '2_LC08_160093_20190313']",0
9.084025883317902e-05,3.166062455755993e-05,0.0002740852420412,0.0005188224671358,0.0010685606291452,"['1_LC08_173079_20190527', '1_LC08_173079_20190511', '1_LC08_173079_20190425', '1_LC08_173079_20190409', '2_LC08_173079_20190612']",0
5.64657981967148e-05,5.64657981967148e-05,5.64657981967148e-05,0.0003510600912498,0.0013308905042635,"['1_LC08_174084_20181225', '1_LC08_174084_20181209', '1_LC08_174084_20181123', '1_LC08_174084_20181107', '2_LC08_174084_20190110']",1
5.854019708742049e-05,5.854019708742049e-05,5.854019708742049e-05,0.0001734268079383,0.0016467540357642,"['1_LC08_172081_20190808', '1_LC08_172081_20190723', '1_LC08_172081_20190707', '1_LC08_172081_20190621', '2_LC08_172081_20190824']",0
0.0001820684070231,6.735265040007118e-05,0.0005484288691368,0.0010377226255438,0.001887737051943,"['1_LC08_170080_20190709', '1_LC08_170080_20190623', '1_LC08_170080_20190607', '1_LC08_170080_20190522', '2_LC08_170080_20190725']",0
0.0001810227473173,6.077870727171223e-05,0.000425853898231,0.0010352107534057,0.0026234941080223,"['1_LC08_169081_20190515', '1_LC08_169081_20190429', '1_LC08_169081_20190413', '1_LC08_169081_20190328', '2_LC08_169081_20190531']",0
9.852761686977052e-05,9.852761686977052e-05,0.0003605877619067,0.0008449611418216,0.0018208124285238,"['1_LC08_173078_20190425', '1_LC08_173078_20190409', '1_LC08_173078_20190324', '1_LC08_173078_20190308', '2_LC08_173078_20190511']",0
8.201593064968784e-05,8.201593064968784e-05,8.201593064968784e-05,0.0003455996552612,0.0015790930423013,"['1_LC08_174083_20190619', '1_LC08_174083_20190603', '1_LC08_174083_20190518', '1_LC08_174083_20190502', '2_LC08_174083_20190705']",0
9.671583362632768e-06,9.671583362632768e-06,9.671583362632768e-06,8.419244821624785e-05,0.000515741772316,"['1_LC08_167081_20190602', '1_LC08_167081_20190517', '1_LC08_167081_20190330', '2_LC08_167081_20190618']",0
0.0003648797920033,0.000118997887584,0.0010961939950631,0.0020707075500938,0.0047602313420472,"['1_LC08_171080_20190411', '1_LC08_171080_20190326', '1_LC08_171080_20190310', '1_LC08_171080_20190222', '2_LC08_171080_20190427']",1
8.910910569361988e-05,3.254304729426041e-05,0.000150743535001,0.0004568278789618,0.0011892140428954,"['1_LC08_174078_20190227', '1_LC08_174078_20190211', '1_LC08_174078_20190126', '1_LC08_174078_20190110', '2_LC08_174078_20190315']",0
1.630307311879723e-05,1.630307311879723e-05,1.630307311879723e-05,4.278478857568463e-05,0.0001048046439437,"['1_LC08_175081_20190202', '1_LC08_175081_20190117', '1_LC08_175081_20190101', '1_LC08_175081_20181216', '2_LC08_175081_20190218']",0
4.098209366945357e-05,4.098209366945357e-05,4.098209366945357e-05,4.098209366945357e-05,0.0015841868474141,"['1_LC08_176080_20190209', '1_LC08_176080_20190124', '1_LC08_176080_20190108', '1_LC08_176080_20181223', '2_LC08_176080_20190225']",0
7.322079696839706e-05,7.322079696839706e-05,7.322079696839706e-05,0.0003500655547075,0.0010878520736233,"['1_LC08_175078_20190525', '1_LC08_175078_20190509', '1_LC08_175078_20190423', '1_LC08_175078_20190407', '2_LC08_175078_20190610']",0
0.0003055460614153,6.329957394104182e-05,0.0006695613404278,0.0010361786496151,0.00287140035551,"['1_LC08_171079_20190716', '1_LC08_171079_20190630', '1_LC08_171079_20190614', '1_LC08_171079_20190529', '2_LC08_171079_20190801']",1
0.000427416005367,0.0001877346202634,0.0009136446404783,0.0014014606634239,0.0026247881705123,"['1_LC08_171075_20190513', '1_LC08_171075_20190427', '1_LC08_171075_20190326', '1_LC08_171075_20190310', '2_LC08_171075_20190529']",0
5.50945232667956e-05,5.50945232667956e-05,0.0003009965391336,0.0007918306164124,0.0021348603189953,"['1_LC08_170083_20190911', '1_LC08_170083_20190826', '1_LC08_170083_20190810', '1_LC08_170083_20190725', '2_LC08_170083_20190927']",1
0.0002746900618395,9.51170949330883e-05,0.0005181377681136,0.0008836726740311,0.0015561760417494,"['1_LC08_168077_20190929', '1_LC08_168077_20190913', '1_LC08_168077_20190828', '1_LC08_168077_20190812', '2_LC08_168077_20191015']",1
0.0004279082082865,5.229306672170368e-05,0.0010354759884633,0.0020133848301744,0.0040872257614374,"['1_LC08_170076_20190420', '1_LC08_170076_20190404', '1_LC08_170076_20190319', '1_LC08_170076_20190303', '2_LC08_170076_20190506']",0
6.96173787910055e-05,6.96173787910055e-05,6.96173787910055e-05,6.96173787910055e-05,0.0015843880014676,"['1_LC08_174083_20190211', '1_LC08_174083_20190126', '1_LC08_174083_20190110', '1_LC08_174083_20181225', '2_LC08_174083_20190227']",0
7.727690972522165e-05,7.727690972522165e-05,7.727690972522165e-05,0.0003446499618338,0.0013346415091351,"['1_LC08_175082_20190423', '1_LC08_175082_20190407', '1_LC08_175082_20190322', '1_LC08_175082_20190306', '2_LC08_175082_20190509']",0
2.8603088671364207e-05,9.605136712403383e-06,5.1453362751184495e-05,7.814311095235574e-05,0.0001545463167578,"['1_LC08_175078_20190728', '1_LC08_175078_20190712', '1_LC08_175078_20190626', '1_LC08_175078_20190610', '2_LC08_175078_20190813']",0
0.0001372357395785,4.826049397852479e-05,0.0002285641566636,0.0003806410047774,0.0009306696972616,"['1_LC08_169076_20190819', '1_LC08_169076_20190803', '1_LC08_169076_20190718', '1_LC08_169076_20190702', '2_LC08_169076_20190904']",1
0.0001811086579888,7.403990932149575e-05,0.0004251747097499,0.0007913578424282,0.0018884578705186,"['1_LC08_170082_20190725', '1_LC08_170082_20190709', '1_LC08_170082_20190623', '1_LC08_170082_20190607', '2_LC08_170082_20190810']",1
4.8977385579229415e-05,4.8977385579229415e-05,4.8977385579229415e-05,0.0003506205357597,0.0018195044031757,"['1_LC08_174084_20190315', '1_LC08_174084_20190227', '1_LC08_174084_20190126', '1_LC08_174084_20190110', '2_LC08_174084_20190331']",0
0.0001565270147807,0.0001565270147807,0.0001565270147807,0.0001565270147807,0.002366273486939,"['1_LC08_176083_20190804', '1_LC08_176083_20190719', '1_LC08_176083_20190703', '1_LC08_176083_20190617', '2_LC08_176083_20190820']",0
3.105703683972444e-05,3.105703683972444e-05,3.105703683972444e-05,3.105703683972444e-05,0.0009174371113577,"['1_LC08_175081_20190101', '1_LC08_175081_20181216', '1_LC08_175081_20181130', '1_LC08_175081_20181114', '2_LC08_175081_20190117']",0
0.000129323893498,0.000129323893498,0.000129323893498,0.0012067016978535,0.0041411075752955,"['1_LC08_167079_20190805', '1_LC08_167079_20190720', '1_LC08_167079_20190704', '1_LC08_167079_20190618', '2_LC08_167079_20190821']",1
1.9790115718414277e-05,1.9790115718414277e-05,1.9790115718414277e-05,1.9790115718414277e-05,0.000273518567055,"['1_LC08_177080_20190131', '1_LC08_177080_20190115', '1_LC08_177080_20181230', '1_LC08_177080_20181214', '2_LC08_177080_20190216']",0
0.0001007385779526,0.0001007385779526,0.0003582551862456,0.0008481541816363,0.002557771192783,"['1_LC08_172081_20190213', '1_LC08_172081_20190128', '1_LC08_172081_20190112', '1_LC08_172081_20181227', '2_LC08_172081_20190301']",0
0.0001512343453343,0.0001512343453343,0.0001512343453343,0.0001512343453343,0.0170881550516332,"['1_LC08_174084_20190705', '1_LC08_174084_20190619', '1_LC08_174084_20190603', '1_LC08_174084_20190518', '2_LC08_174084_20190721']",0
0.0003660917607371,0.0001415116469125,0.0008475619945744,0.0018271979095779,0.0054899420237261,"['1_LC08_171079_20190513', '1_LC08_171079_20190427', '1_LC08_171079_20190411', '1_LC08_171079_20190326', '2_LC08_171079_20190529']",0
4.835570980113709e-05,4.835570980113709e-05,4.835570980113709e-05,0.0003529960883493,0.0015789105497799,"['1_LC08_169083_20181222', '1_LC08_169083_20181206', '1_LC08_169083_20181120', '1_LC08_169083_20181104', '2_LC08_169083_20190107']",0
0.0006121007477692,0.000122150949156,0.0010941395444138,0.0020698258033835,0.0057380450537376,"['1_LC08_172079_20190418', '1_LC08_172079_20190402', '1_LC08_172079_20190317', '1_LC08_172079_20190301', '2_LC08_172079_20190504']",0
3.7154363860605725e-05,3.7154363860605725e-05,3.7154363860605725e-05,3.7154363860605725e-05,0.0006687622060998,"['1_LC08_173082_20190628', '1_LC08_173082_20190612', '1_LC08_173082_20190527', '1_LC08_173082_20190511', '2_LC08_173082_20190714']",0
0.0001524383599617,3.338984740708844e-05,0.0003354060913466,0.0007022077441527,0.0015555047986081,"['1_LC08_171082_20190630', '1_LC08_171082_20190614', '1_LC08_171082_20190529', '1_LC08_171082_20190513', '2_LC08_171082_20190716']",0
7.63804277252696e-05,7.63804277252696e-05,7.63804277252696e-05,7.63804277252696e-05,0.0012033505810917,"['1_LC08_173083_20190527', '1_LC08_173083_20190511', '1_LC08_173083_20190425', '1_LC08_173083_20190409', '2_LC08_173083_20190612']",0
2.7402439053694527e-05,2.7402439053694527e-05,8.742502864887133e-05,0.0001494905821094,0.0003941702679233,"['1_LC08_173082_20190409', '1_LC08_173082_20190324', '1_LC08_173082_20190308', '1_LC08_173082_20190220', '2_LC08_173082_20190425']",0
0.0001805912613004,6.64364545263904e-05,0.0003020915046031,0.0006695725433212,0.001893950338688,"['1_LC08_170081_20181229', '1_LC08_170081_20181213', '1_LC08_170081_20181127', '1_LC08_170081_20181111', '2_LC08_170081_20190114']",0
1.4051335891391186e-05,1.4051335891391186e-05,1.4051335891391186e-05,7.48821566884899e-05,0.0001980277893309,"['1_LC08_174079_20190110', '1_LC08_174079_20181225', '1_LC08_174079_20181209', '1_LC08_174079_20181123', '2_LC08_174079_20190126']",0
4.844811519719375e-05,4.844811519719375e-05,4.844811519719375e-05,0.0001734025655113,0.0007904594601757,"['1_LC08_171081_20190121', '1_LC08_171081_20190105', '1_LC08_171081_20181220', '1_LC08_171081_20181204', '2_LC08_171081_20190206']",0
2.9960511545224285e-05,2.9960511545224285e-05,0.0003032170161131,0.0006681548685516,0.0015255750493483,"['1_LC08_169082_20191006', '1_LC08_169082_20190920', '1_LC08_169082_20190904', '1_LC08_169082_20190819', '2_LC08_169082_20191022']",1
1.1807879957671691e-05,1.1807879957671691e-05,1.1807879957671691e-05,1.1807879957671691e-05,7.332055444695566e-05,"['1_LC08_175080_20190728', '1_LC08_175080_20190712', '1_LC08_175080_20190626', '1_LC08_175080_20190610', '2_LC08_175080_20190813']",0
0.0001803622396236,5.642644851486089e-05,0.000301935942598,0.0006684793372665,0.0021383289054028,"['1_LC08_171083_20190529', '1_LC08_171083_20190513', '1_LC08_171083_20190427', '1_LC08_171083_20190411', '2_LC08_171083_20190614']",0
0.0001008542508114,0.0001008542508114,0.0001008542508114,0.0001008542508114,0.0006716963595792,"['1_LC08_176081_20190516', '1_LC08_176081_20190430', '1_LC08_176081_20190414', '1_LC08_176081_20190329', '2_LC08_176081_20190601']",0
1.0459489174302264e-05,1.0459489174302264e-05,1.0459489174302264e-05,4.299858841731591e-05,0.0001057403180501,"['1_LC08_174081_20190619', '1_LC08_174081_20190603', '1_LC08_174081_20190518', '1_LC08_174081_20190502', '2_LC08_174081_20190705']",0
8.547793826200984e-05,8.547793826200984e-05,8.547793826200984e-05,8.547793826200984e-05,0.0021791142752873,"['1_LC08_169083_20190515', '1_LC08_169083_20190429', '1_LC08_169083_20190413', '1_LC08_169083_20190328', '2_LC08_169083_20190531']",0
0.0003044117467026,6.461668381291342e-05,0.0006710763534515,0.0011593101365274,0.0024998835061081,"['1_LC08_168077_20190812', '1_LC08_168077_20190727', '1_LC08_168077_20190711', '1_LC08_168077_20190625', '2_LC08_168077_20190828']",0
9.341378224592084e-05,9.341378224592084e-05,9.341378224592084e-05,0.0012001525149098,0.0046234330005879,"['1_LC08_167079_20181208', '1_LC08_167079_20181122', '1_LC08_167079_20181106', '1_LC08_167079_20181005', '2_LC08_167079_20190109']",0
7.800211531812586e-05,7.800211531812586e-05,7.800211531812586e-05,7.800211531812586e-05,0.002178197318541,"['1_LC08_173083_20190628', '1_LC08_173083_20190612', '1_LC08_173083_20190527', '1_LC08_173083_20190511', '2_LC08_173083_20190714']",0
0.0003047029678733,4.517442487757895e-05,0.0006687864248685,0.001279196491382,0.0027446110971506,"['1_LC08_170075_20190506', '1_LC08_170075_20190420', '1_LC08_170075_20190404', '1_LC08_170075_20190319', '2_LC08_170075_20190522']",0
2.999277176172287e-05,2.999277176172287e-05,0.0001787244074442,0.0005467717991338,0.0017646159467058,"['1_LC08_169081_20191123', '1_LC08_169081_20191107', '1_LC08_169081_20191022', '1_LC08_169081_20191006', '2_LC08_169081_20191209']",0
0.0001180095852806,0.0001180095852806,0.0001180095852806,0.0012027615692143,0.0046228957391619,"['1_LC08_168082_20190913', '1_LC08_168082_20190812', '1_LC08_168082_20190727', '1_LC08_168082_20190711', '2_LC08_168082_20190929']",1
0.0003041387711991,8.489772808144653e-05,0.0004249247007516,0.0009126923803322,0.002136552227742,"['1_LC08_173079_20190220', '1_LC08_173079_20190204', '1_LC08_173079_20190119', '1_LC08_173079_20190103', '2_LC08_173079_20190308']",0
6.10338805442079e-05,6.10338805442079e-05,0.0001752533767491,0.0002987528308164,0.0007907317276811,"['1_LC08_171080_20181220', '1_LC08_171080_20181204', '1_LC08_171080_20181118', '1_LC08_171080_20181102', '2_LC08_171080_20190105']",1
9.561178152498412e-05,9.561178152498412e-05,9.561178152498412e-05,9.561178152498412e-05,0.0011865291314767,"['1_LC08_176081_20190804', '1_LC08_176081_20190719', '1_LC08_176081_20190703', '1_LC08_176081_20190617', '2_LC08_176081_20190820']",0
6.221443214468567e-05,6.221443214468567e-05,0.0001746605329498,0.0002980998444451,0.0015262245203819,"['1_LC08_169079_20191006', '1_LC08_169079_20190920', '1_LC08_169079_20190904', '1_LC08_169079_20190819', '2_LC08_169079_20191022']",1
3.662105100222402e-05,3.662105100222402e-05,3.662105100222402e-05,0.0002989549867309,0.0012811169018455,"['1_LC08_169081_20191022', '1_LC08_169081_20191006', '1_LC08_169081_20190920', '1_LC08_169081_20190904', '2_LC08_169081_20191107']",1
9.93565313414058e-05,9.93565313414058e-05,9.93565313414058e-05,9.93565313414058e-05,0.0011848877349082,"['1_LC08_172082_20190621', '1_LC08_172082_20190605', '1_LC08_172082_20190520', '1_LC08_172082_20190504', '2_LC08_172082_20190707']",0
0.0004238957085104,6.209158321266706e-05,0.0014026395069551,0.0031107186805105,0.0065293758536426,"['1_LC08_169080_20190328', '1_LC08_169080_20190224', '1_LC08_169080_20190208', '1_LC08_169080_20190123', '2_LC08_169080_20190413']",1
9.380867126839769e-05,4.379713231005409e-05,0.0001521535295217,0.0002095262516382,0.0003313920494998,"['1_LC08_171075_20190902', '1_LC08_171075_20190817', '1_LC08_171075_20190801', '1_LC08_171075_20190716', '2_LC08_171075_20190918']",0
0.0002509558179815,0.0002509558179815,0.0002509558179815,0.0014211185787025,0.0083009120890348,"['1_LC08_167080_20190517', '1_LC08_167080_20190501', '1_LC08_167080_20190415', '1_LC08_167080_20190330', '2_LC08_167080_20190602']",0
0.0001410225085087,0.0001410225085087,0.0001410225085087,0.0001410225085087,0.0043731861792874,"['1_LC08_172084_20190520', '1_LC08_172084_20190504', '1_LC08_172084_20190418', '1_LC08_172084_20190402', '2_LC08_172084_20190605']",0
9.384330193436358e-05,9.384330193436358e-05,9.384330193436358e-05,0.0007079225210045,0.0031597222189267,"['1_LC08_176082_20190719', '1_LC08_176082_20190703', '1_LC08_176082_20190617', '1_LC08_176082_20190601', '2_LC08_176082_20190804']",0
7.423698793146893e-05,7.423698793146893e-05,7.423698793146893e-05,0.0003514105772926,0.0015792027400064,"['1_LC08_175083_20190218', '1_LC08_175083_20190202', '1_LC08_175083_20190117', '1_LC08_175083_20190101', '2_LC08_175083_20190306']",1
3.829439169259168e-05,3.829439169259168e-05,8.639913753832244e-05,0.0002730569409388,0.0008245826804314,"['1_LC08_174079_20190416', '1_LC08_174079_20190331', '1_LC08_174079_20190315', '1_LC08_174079_20190227', '2_LC08_174079_20190502']",0
9.99912802723093e-05,9.99912802723093e-05,0.0003572754469315,0.0010955982928197,0.0028055732009909,"['1_LC08_173078_20190308', '1_LC08_173078_20190220', '1_LC08_173078_20190204', '1_LC08_173078_20190119', '2_LC08_173078_20190324']",0
6.881797432756115e-05,6.881797432756115e-05,0.000353420916394,0.0015843367463093,0.0047530074885531,"['1_LC08_168080_20190609', '1_LC08_168080_20190524', '1_LC08_168080_20190508', '1_LC08_168080_20190217', '2_LC08_168080_20190625']",1
0.0002135857524915,9.41536059713052e-05,0.0003957352122986,0.0007018934730115,0.0013122789180778,"['1_LC08_173078_20190628', '1_LC08_173078_20190612', '1_LC08_173078_20190527', '1_LC08_173078_20190511', '2_LC08_173078_20190714']",0
0.0011599709503639,0.0005514628429761,0.0021351515533711,0.0038457939136881,0.0073884823921166,"['1_LC08_168077_20191116', '1_LC08_168077_20191015', '1_LC08_168077_20190929', '1_LC08_168077_20190913', '2_LC08_168077_20191202']",0
0.0005801987616871,0.0002154925735476,0.0010063175153838,0.0016177781186216,0.0030216534189373,"['1_LC08_169077_20190616', '1_LC08_169077_20190531', '1_LC08_169077_20190515', '1_LC08_169077_20190429', '2_LC08_169077_20190702']",1
1.785981795994601e-05,1.785981795994601e-05,1.785981795994601e-05,1.785981795994601e-05,0.0002721291615547,"['1_LC08_177080_20190405', '1_LC08_177080_20190320', '1_LC08_177080_20190304', '1_LC08_177080_20190216', '2_LC08_177080_20190421']",0
0.0002132014729359,2.976545649502609e-05,0.0005184673170932,0.0010680778517351,0.0020461128305601,"['1_LC08_173078_20190612', '1_LC08_173078_20190527', '1_LC08_173078_20190511', '1_LC08_173078_20190425', '2_LC08_173078_20190628']",0
5.160154353348789e-05,5.160154353348789e-05,5.160154353348789e-05,0.0003500386452951,0.0015833002842657,"['1_LC08_169083_20191022', '1_LC08_169083_20191006', '1_LC08_169083_20190920', '1_LC08_169083_20190904', '2_LC08_169083_20191107']",0
3.850960381645708e-05,3.850960381645708e-05,3.850960381645708e-05,0.0001720659607426,0.0015227229521063,"['1_LC08_170084_20190911', '1_LC08_170084_20190826', '1_LC08_170084_20190810', '1_LC08_170084_20190725', '2_LC08_170084_20190927']",0
0.0004268008147084,4.975618800179037e-05,0.0010363399039818,0.0020110289096493,0.0046988410914663,"['1_LC08_170080_20190404', '1_LC08_170080_20190319', '1_LC08_170080_20190303', '1_LC08_170080_20190130', '2_LC08_170080_20190506']",0
2.683906836630681e-05,2.683906836630681e-05,2.683906836630681e-05,2.683906836630681e-05,0.0001660972379743,"['1_LC08_174082_20190806', '1_LC08_174082_20190721', '1_LC08_174082_20190705', '1_LC08_174082_20190619', '2_LC08_174082_20190822']",0
0.0002742474982768,9.226646798436342e-05,0.0005796701103108,0.0010678064936527,0.002347859033732,"['1_LC08_171076_20190326', '1_LC08_171076_20190310', '1_LC08_171076_20190222', '1_LC08_171076_20190121', '2_LC08_171076_20190427']",0
3.678746193945176e-05,3.678746193945176e-05,3.678746193945176e-05,3.678746193945176e-05,0.0004200575881362,"['1_LC08_173082_20190324', '1_LC08_173082_20190308', '1_LC08_173082_20190220', '1_LC08_173082_20190204', '2_LC08_173082_20190409']",0
2.6115325793168817e-05,2.6115325793168817e-05,2.6115325793168817e-05,0.0003022767614261,0.0015247064332846,"['1_LC08_175084_20190101', '1_LC08_175084_20181216', '1_LC08_175084_20181130', '1_LC08_175084_20181114', '2_LC08_175084_20190117']",1
8.477997556130804e-05,8.477997556130804e-05,8.477997556130804e-05,8.477997556130804e-05,0.0011988393248536,"['1_LC08_176081_20190703', '1_LC08_176081_20190617', '1_LC08_176081_20190601', '1_LC08_176081_20190516', '2_LC08_176081_20190719']",0
